Id,Concept_name,Ts_code
TS0,专精特新,688017.SH
TS1,融资融券,688017.SH
TS2,转融券标的,688017.SH
TS3,工业4.0,688017.SH
TS4,股权激励,688017.SH
TS5,机器人概念,688017.SH
TS6,江苏,688017.SH
TS7,高价股,688017.SH
TS8,消费电子产业,688157.SH
TS1,融资融券,688157.SH
TS9,比亚迪概念,688157.SH
TS2,转融券标的,688157.SH
TS10,特斯拉,688157.SH
TS11,手机产业,688157.SH
TS4,股权激励,688157.SH
TS12,湖南,688157.SH
TS13,苹果概念,688157.SH
TS14,华为概念,688157.SH
TS15,小米概念,688157.SH
TS16,半导体产业,688047.SH
TS1,融资融券,688047.SH
TS17,新股与次新股,688047.SH
TS2,转融券标的,688047.SH
TS18,芯片概念,688047.SH
TS19,北京,688047.SH
TS1,融资融券,688320.SH
TS17,新股与次新股,688320.SH
TS2,转融券标的,688320.SH
TS20,浙江,688320.SH
TS21,传感器,688320.SH
TS1,融资融券,688325.SH
TS22,锂电池概念,688325.SH
TS2,转融券标的,688325.SH
TS17,新股与次新股,688325.SH
TS23,广东,688325.SH
TS18,芯片概念,688325.SH
TS1,融资融券,688533.SH
TS9,比亚迪概念,688533.SH
TS2,转融券标的,688533.SH
TS24,新能源车,688533.SH
TS10,特斯拉,688533.SH
TS18,芯片概念,688533.SH
TS6,江苏,688533.SH
TS25,汽车电子概念,688533.SH
TS26,电商概念,600272.SH
TS27,AB股,600272.SH
TS28,民营医院,600272.SH
TS29,实体药店,600272.SH
TS30,上海,600272.SH
TS31,纺织服装概念,600272.SH
TS32,健康中国,600272.SH
TS33,生物医药,600272.SH
TS34,上海国资改革,600272.SH
TS1,融资融券,601101.SH
TS35,煤炭概念,601101.SH
TS36,煤化工概念,601101.SH
TS2,转融券标的,601101.SH
TS37,无烟煤,601101.SH
TS38,甲醇,601101.SH
TS19,北京,601101.SH
TS3,工业4.0,603656.SH
TS39,人工智能,603656.SH
TS5,机器人概念,603656.SH
TS40,安徽,603656.SH
TS41,汽车零部件概念,603758.SH
TS42,成渝特区,603758.SH
TS24,新能源车,603758.SH
TS43,重庆,603758.SH
TS44,昨日涨停,603758.SH
TS41,汽车零部件概念,603319.SH
TS45,期货概念,603319.SH
TS9,比亚迪概念,603319.SH
TS46,股份回购,603319.SH
TS47,无人驾驶,603319.SH
TS24,新能源车,603319.SH
TS12,湖南,603319.SH
TS14,华为概念,603319.SH
TS30,上海,605050.SH
TS24,新能源车,605050.SH
TS48,汽车压铸一体化,605050.SH
TS49,快递物流,605050.SH
TS50,马彩概念,600361.SH
TS51,赛马概念,600361.SH
TS52,新零售,600361.SH
TS19,北京,600361.SH
TS53,金银花概念,600829.SH
TS28,民营医院,600829.SH
TS29,实体药店,600829.SH
TS54,医疗器械概念,600829.SH
TS55,药品分销,600829.SH
TS56,黑龙江,600829.SH
TS57,振兴东北,600829.SH
TS58,青霉素类概念,600829.SH
TS59,中药概念,600829.SH
TS32,健康中国,600829.SH
TS60,黄芩概念,600829.SH
TS61,冷链物流,600829.SH
TS62,连翘概念,600829.SH
TS63,光伏概念,603530.SH
TS64,高低压设备,603530.SH
TS65,一带一路,603530.SH
TS66,智能电网,603530.SH
TS67,特高压,603530.SH
TS6,江苏,603530.SH
TS44,昨日涨停,603530.SH
TS68,昨日连板,603530.SH
TS69,UWB,603322.SH
TS70,移动支付,603322.SH
TS71,5G概念,603322.SH
TS72,4G概念,603322.SH
TS73,摘帽,603322.SH
TS18,芯片概念,603322.SH
TS74,智慧城市,603322.SH
TS14,华为概念,603322.SH
TS75,上海自贸区,603322.SH
TS76,边缘计算,603322.SH
TS23,广东,603322.SH
TS77,仪器仪表概念,603322.SH
TS78,物联网,603322.SH
TS79,云计算,603322.SH
TS1,融资融券,600213.SH
TS80,汽车整车,600213.SH
TS2,转融券标的,600213.SH
TS81,燃料电池概念,600213.SH
TS24,新能源车,600213.SH
TS73,摘帽,600213.SH
TS6,江苏,600213.SH
TS82,化学制剂概念,600513.SH
TS83,超级真菌,600513.SH
TS84,病毒防治,600513.SH
TS85,医保,600513.SH
TS6,江苏,600513.SH
TS86,禽流感,600513.SH
TS63,光伏概念,603330.SH
TS0,专精特新,603330.SH
TS30,上海,603330.SH
TS87,太阳能概念,603330.SH
TS88,参股新三板,603330.SH
TS89,无线耳机,603330.SH
TS14,华为概念,603330.SH
TS90,钨概念,600259.SH
TS91,稀土永磁,600259.SH
TS92,稀缺资源,600259.SH
TS93,有色金属概念,600259.SH
TS1,融资融券,600259.SH
TS94,新材料,600259.SH
TS2,转融券标的,600259.SH
TS73,摘帽,600259.SH
TS95,小金属概念,600259.SH
TS96,稀土概念,600259.SH
TS97,海南,600259.SH
TS93,有色金属概念,603527.SH
TS98,铜概念,603527.SH
TS40,安徽,603527.SH
TS94,新材料,603051.SH
TS23,广东,603051.SH
TS17,新股与次新股,603051.SH
TS44,昨日涨停,603051.SH
TS99,大消费,605499.SH
TS100,食品饮料概念,605499.SH
TS23,广东,605499.SH
TS52,新零售,605499.SH
TS101,沪股通,605499.SH
TS102,纳入富时罗素,605499.SH
TS7,高价股,605499.SH
TS103,社保重仓,605499.SH
TS16,半导体产业,603728.SH
TS104,安防概念,603728.SH
TS105,LED概念,603728.SH
TS71,5G概念,603728.SH
TS30,上海,603728.SH
TS106,标普道琼斯中国,603728.SH
TS107,节能照明,603728.SH
TS3,工业4.0,603728.SH
TS11,手机产业,603728.SH
TS108,呼吸机,603728.SH
TS101,沪股通,603728.SH
TS14,华为概念,603728.SH
TS109,山东,603779.SH
TS110,贸易战受益股,603779.SH
TS73,摘帽,603779.SH
TS111,葡萄酒,603779.SH
TS64,高低压设备,603097.SH
TS17,新股与次新股,603097.SH
TS6,江苏,603097.SH
TS112,污水处理,600969.SH
TS65,一带一路,600969.SH
TS113,工业气体,600969.SH
TS114,充电桩,600969.SH
TS115,破净股,600969.SH
TS81,燃料电池概念,600969.SH
TS116,天然气,600969.SH
TS117,水电,600969.SH
TS118,电力改革,600969.SH
TS12,湖南,600969.SH
TS119,节能环保,600969.SH
TS120,地下管网,600969.SH
TS121,钠离子电池,600348.SH
TS1,融资融券,600348.SH
TS35,煤炭概念,600348.SH
TS106,标普道琼斯中国,600348.SH
TS122,山西,600348.SH
TS2,转融券标的,600348.SH
TS37,无烟煤,600348.SH
TS101,沪股通,600348.SH
TS123,动力煤概念,600348.SH
TS124,储能概念,600348.SH
TS36,煤化工概念,600348.SH
TS125,双百企业,600348.SH
TS102,纳入富时罗素,600348.SH
TS126,养老金持股,600348.SH
TS1,融资融券,601717.SH
TS106,标普道琼斯中国,601717.SH
TS2,转融券标的,601717.SH
TS127,工程机械概念,601717.SH
TS3,工业4.0,601717.SH
TS24,新能源车,601717.SH
TS128,河南,601717.SH
TS101,沪股通,601717.SH
TS129,万达私有化,601717.SH
TS41,汽车零部件概念,601717.SH
TS125,双百企业,601717.SH
TS130,高端装备,601717.SH
TS131,AH股,601717.SH
TS102,纳入富时罗素,601717.SH
TS132,白马股,601717.SH
TS133,智能穿戴,605588.SH
TS134,触摸屏概念,605588.SH
TS8,消费电子产业,605588.SH
TS17,新股与次新股,605588.SH
TS135,OLED,605588.SH
TS13,苹果概念,605588.SH
TS6,江苏,605588.SH
TS14,华为概念,605588.SH
TS15,小米概念,605588.SH
TS41,汽车零部件概念,603917.SH
TS24,新能源车,603917.SH
TS136,轨道交通,603917.SH
TS20,浙江,603917.SH
TS44,昨日涨停,603917.SH
TS68,昨日连板,603917.SH
TS124,储能概念,603015.SH
TS3,工业4.0,603015.SH
TS39,人工智能,603015.SH
TS78,物联网,603015.SH
TS20,浙江,603015.SH
TS5,机器人概念,603015.SH
TS44,昨日涨停,603015.SH
TS1,融资融券,688116.SH
TS94,新材料,688116.SH
TS22,锂电池概念,688116.SH
TS2,转融券标的,688116.SH
TS137,石墨烯,688116.SH
TS101,沪股通,688116.SH
TS6,江苏,688116.SH
TS7,高价股,688116.SH
TS138,宁德时代概念,688116.SH
TS139,含可转债,688116.SH
TS140,雄安新区,600477.SH
TS1,融资融券,600477.SH
TS106,标普道琼斯中国,600477.SH
TS141,工业互联网,600477.SH
TS2,转融券标的,600477.SH
TS142,杭州亚运会,600477.SH
TS20,浙江,600477.SH
TS143,基建,600477.SH
TS101,沪股通,600477.SH
TS144,装配式建筑,600477.SH
TS26,电商概念,600477.SH
TS65,一带一路,600477.SH
TS145,杭州湾大湾区,600477.SH
TS102,纳入富时罗素,600477.SH
TS146,BIPV概念(光伏建筑一体化),600477.SH
TS147,钢结构概念,600477.SH
TS148,新型城镇化,600477.SH
TS41,汽车零部件概念,603239.SH
TS20,浙江,603239.SH
TS28,民营医院,601886.SH
TS149,精装修,601886.SH
TS150,医疗美容概念,601886.SH
TS1,融资融券,601886.SH
TS2,转融券标的,601886.SH
TS151,眼科医疗,601886.SH
TS152,蚂蚁金服概念,601886.SH
TS32,健康中国,601886.SH
TS144,装配式建筑,601886.SH
TS146,BIPV概念(光伏建筑一体化),601886.SH
TS153,参股民营银行,601886.SH
TS19,北京,601886.SH
TS154,集成电路概念,600378.SH
TS155,油气设备服务,600378.SH
TS156,军工,600378.SH
TS16,半导体产业,600378.SH
TS1,融资融券,600378.SH
TS2,转融券标的,600378.SH
TS157,页岩气,600378.SH
TS81,燃料电池概念,600378.SH
TS158,四川,600378.SH
TS159,俄乌冲突概念,600378.SH
TS101,沪股通,600378.SH
TS160,口罩,600378.SH
TS161,碳交易,600378.SH
TS162,氟化工概念,600378.SH
TS163,氢能源,600378.SH
TS42,成渝特区,600378.SH
TS164,国企改革,600378.SH
TS165,中芯国际概念,600378.SH
TS113,工业气体,600378.SH
TS166,PVDF概念,600378.SH
TS38,甲醇,600378.SH
TS102,纳入富时罗素,600378.SH
TS167,碳中和,600378.SH
TS132,白马股,600378.SH
TS168,蔚来汽车概念,600418.SH
TS80,汽车整车,600418.SH
TS1,融资融券,600418.SH
TS169,华为汽车,600418.SH
TS106,标普道琼斯中国,600418.SH
TS141,工业互联网,600418.SH
TS2,转融券标的,600418.SH
TS24,新能源车,600418.SH
TS14,华为概念,600418.SH
TS170,地摊经济,600418.SH
TS171,百度概念,600418.SH
TS47,无人驾驶,600418.SH
TS40,安徽,600418.SH
TS172,CRO,688621.SH
TS1,融资融券,688621.SH
TS2,转融券标的,688621.SH
TS173,创新药,688621.SH
TS19,北京,688621.SH
TS168,蔚来汽车概念,688097.SH
TS1,融资融券,688097.SH
TS2,转融券标的,688097.SH
TS3,工业4.0,688097.SH
TS13,苹果概念,688097.SH
TS6,江苏,688097.SH
TS112,污水处理,600165.SH
TS94,新材料,600165.SH
TS174,宁夏,600165.SH
TS175,干细胞,600165.SH
TS119,节能环保,600165.SH
TS176,机场概念,600004.SH
TS1,融资融券,600004.SH
TS177,粤港澳自贸区,600004.SH
TS106,标普道琼斯中国,600004.SH
TS23,广东,600004.SH
TS2,转融券标的,600004.SH
TS178,航空运输概念,600004.SH
TS179,MSCI概念,600004.SH
TS180,QFII重仓,600004.SH
TS1,融资融券,601001.SH
TS35,煤炭概念,601001.SH
TS122,山西,601001.SH
TS106,标普道琼斯中国,601001.SH
TS2,转融券标的,601001.SH
TS123,动力煤概念,601001.SH
TS156,军工,603399.SH
TS181,股权转让,603399.SH
TS1,融资融券,603399.SH
TS93,有色金属概念,603399.SH
TS182,钼概念,603399.SH
TS183,辽宁,603399.SH
TS171,百度概念,603399.SH
TS2,转融券标的,603399.SH
TS184,文化传媒,603399.SH
TS95,小金属概念,603399.SH
TS16,半导体产业,688037.SH
TS105,LED概念,688037.SH
TS0,专精特新,688037.SH
TS1,融资融券,688037.SH
TS2,转融券标的,688037.SH
TS18,芯片概念,688037.SH
TS185,大基金二期,688037.SH
TS186,华为海思概念,688037.SH
TS7,高价股,688037.SH
TS187,光刻机（胶）,688037.SH
TS183,辽宁,688037.SH
TS165,中芯国际概念,688037.SH
TS4,股权激励,688037.SH
TS188,长三角一体化,603966.SH
TS65,一带一路,603966.SH
TS127,工程机械概念,603966.SH
TS6,江苏,603966.SH
TS139,含可转债,603966.SH
TS189,人民币贬值受益,600686.SH
TS163,氢能源,600686.SH
TS190,海峡西岸,600686.SH
TS80,汽车整车,600686.SH
TS1,融资融券,600686.SH
TS191,福建,600686.SH
TS171,百度概念,600686.SH
TS2,转融券标的,600686.SH
TS24,新能源车,600686.SH
TS81,燃料电池概念,600686.SH
TS47,无人驾驶,600686.SH
TS160,口罩,600686.SH
TS192,PCB概念,688630.SH
TS16,半导体产业,688630.SH
TS0,专精特新,688630.SH
TS1,融资融券,688630.SH
TS2,转融券标的,688630.SH
TS135,OLED,688630.SH
TS4,股权激励,688630.SH
TS187,光刻机（胶）,688630.SH
TS40,安徽,688630.SH
TS193,肉制品概念,603345.SH
TS1,融资融券,603345.SH
TS191,福建,603345.SH
TS2,转融券标的,603345.SH
TS100,食品饮料概念,603345.SH
TS194,人造肉,603345.SH
TS101,沪股通,603345.SH
TS195,预制菜,603345.SH
TS102,纳入富时罗素,603345.SH
TS7,高价股,603345.SH
TS63,光伏概念,603688.SH
TS16,半导体产业,603688.SH
TS1,融资融券,603688.SH
TS2,转融券标的,603688.SH
TS196,参股三板精选层,603688.SH
TS46,股份回购,603688.SH
TS18,芯片概念,603688.SH
TS139,含可转债,603688.SH
TS7,高价股,603688.SH
TS6,江苏,603688.SH
TS100,食品饮料概念,603317.SH
TS158,四川,603317.SH
TS101,沪股通,603317.SH
TS102,纳入富时罗素,603317.SH
TS44,昨日涨停,603317.SH
TS1,融资融券,600026.SH
TS30,上海,600026.SH
TS106,标普道琼斯中国,600026.SH
TS2,转融券标的,600026.SH
TS159,俄乌冲突概念,600026.SH
TS101,沪股通,600026.SH
TS197,航运概念,600026.SH
TS75,上海自贸区,600026.SH
TS164,国企改革,600026.SH
TS65,一带一路,600026.SH
TS198,海洋经济,600026.SH
TS131,AH股,600026.SH
TS179,MSCI概念,600026.SH
TS102,纳入富时罗素,600026.SH
TS199,BDI指数,600026.SH
TS200,进口博览会,600026.SH
TS1,融资融券,603517.SH
TS99,大消费,603517.SH
TS106,标普道琼斯中国,603517.SH
TS2,转融券标的,603517.SH
TS100,食品饮料概念,603517.SH
TS101,沪股通,603517.SH
TS179,MSCI概念,603517.SH
TS12,湖南,603517.SH
TS102,纳入富时罗素,603517.SH
TS63,光伏概念,605117.SH
TS124,储能概念,605117.SH
TS201,家用电器概念,605117.SH
TS20,浙江,605117.SH
TS101,沪股通,605117.SH
TS179,MSCI概念,605117.SH
TS167,碳中和,605117.SH
TS102,纳入富时罗素,605117.SH
TS7,高价股,605117.SH
TS149,精装修,603737.SH
TS1,融资融券,603737.SH
TS191,福建,603737.SH
TS106,标普道琼斯中国,603737.SH
TS2,转融券标的,603737.SH
TS101,沪股通,603737.SH
TS102,纳入富时罗素,603737.SH
TS7,高价股,603737.SH
TS153,参股民营银行,603737.SH
TS94,新材料,605376.SH
TS93,有色金属概念,605376.SH
TS22,锂电池概念,605376.SH
TS95,小金属概念,605376.SH
TS202,3D打印,605376.SH
TS101,沪股通,605376.SH
TS102,纳入富时罗素,605376.SH
TS203,镍概念,605376.SH
TS6,江苏,605376.SH
TS44,昨日涨停,605376.SH
TS204,被动元件概念,605376.SH
TS205,刀片电池,603032.SH
TS206,新疆振兴,603032.SH
TS22,锂电池概念,603032.SH
TS73,摘帽,603032.SH
TS207,新疆,603032.SH
TS208,债转股,600647.SH
TS30,上海,600647.SH
TS164,国企改革,600647.SH
TS209,触板,600647.SH
TS73,摘帽,600647.SH
TS121,钠离子电池,600328.SH
TS92,稀缺资源,600328.SH
TS1,融资融券,600328.SH
TS210,低碳经济,600328.SH
TS2,转融券标的,600328.SH
TS101,沪股通,600328.SH
TS211,化学原料概念,600328.SH
TS212,内蒙古,600328.SH
TS164,国企改革,600328.SH
TS213,核电概念,600328.SH
TS22,锂电池概念,600328.SH
TS125,双百企业,600328.SH
TS102,纳入富时罗素,600328.SH
TS214,PVC,600328.SH
TS132,白马股,600328.SH
TS27,AB股,600841.SH
TS30,上海,600841.SH
TS81,燃料电池概念,600841.SH
TS34,上海国资改革,600841.SH
TS1,融资融券,600761.SH
TS2,转融券标的,600761.SH
TS46,股份回购,600761.SH
TS127,工程机械概念,600761.SH
TS130,高端装备,600761.SH
TS180,QFII重仓,600761.SH
TS40,安徽,600761.SH
TS154,集成电路概念,688662.SH
TS16,半导体产业,688662.SH
TS1,融资融券,688662.SH
TS71,5G概念,688662.SH
TS2,转融券标的,688662.SH
TS23,广东,688662.SH
TS0,专精特新,603192.SH
TS30,上海,603192.SH
TS215,汽车热管理,603192.SH
TS44,昨日涨停,603192.SH
TS189,人民币贬值受益,603800.SH
TS155,油气设备服务,603800.SH
TS216,海工装备,603800.SH
TS157,页岩气,603800.SH
TS116,天然气,603800.SH
TS6,江苏,603800.SH
TS54,医疗器械概念,688356.SH
TS1,融资融券,688356.SH
TS2,转融券标的,688356.SH
TS4,股权激励,688356.SH
TS101,沪股通,688356.SH
TS102,纳入富时罗素,688356.SH
TS7,高价股,688356.SH
TS19,北京,688356.SH
TS0,专精特新,688577.SH
TS217,工业母机,688577.SH
TS1,融资融券,688577.SH
TS2,转融券标的,688577.SH
TS3,工业4.0,688577.SH
TS20,浙江,688577.SH
TS1,融资融券,601888.SH
TS99,大消费,601888.SH
TS106,标普道琼斯中国,601888.SH
TS218,海南自贸区,601888.SH
TS2,转融券标的,601888.SH
TS219,证金持股,601888.SH
TS220,旅游概念,601888.SH
TS101,沪股通,601888.SH
TS221,北向大额买入,601888.SH
TS222,参股保险,601888.SH
TS7,高价股,601888.SH
TS223,人民币升值受益,601888.SH
TS26,电商概念,601888.SH
TS224,免税店概念,601888.SH
TS164,国企改革,601888.SH
TS225,上证50,601888.SH
TS125,双百企业,601888.SH
TS226,茅指数,601888.SH
TS227,景点旅游,601888.SH
TS228,中字头,601888.SH
TS102,纳入富时罗素,601888.SH
TS180,QFII重仓,601888.SH
TS179,MSCI概念,601888.SH
TS19,北京,601888.SH
TS109,山东,600188.SH
TS92,稀缺资源,600188.SH
TS35,煤炭概念,600188.SH
TS1,融资融券,600188.SH
TS106,标普道琼斯中国,600188.SH
TS2,转融券标的,600188.SH
TS101,沪股通,600188.SH
TS123,动力煤概念,600188.SH
TS125,双百企业,600188.SH
TS36,煤化工概念,600188.SH
TS229,焦煤概念,600188.SH
TS131,AH股,600188.SH
TS38,甲醇,600188.SH
TS102,纳入富时罗素,600188.SH
TS179,MSCI概念,600188.SH
TS132,白马股,600188.SH
TS230,县城城镇化建设,600496.SH
TS140,雄安新区,600496.SH
TS142,杭州亚运会,600496.SH
TS143,基建,600496.SH
TS144,装配式建筑,600496.SH
TS231,建筑节能概念,600496.SH
TS153,参股民营银行,600496.SH
TS232,数据中心,600496.SH
TS233,北京冬奥会,600496.SH
TS234,长寿药NMN,600496.SH
TS145,杭州湾大湾区,600496.SH
TS139,含可转债,600496.SH
TS146,BIPV概念(光伏建筑一体化),600496.SH
TS40,安徽,600496.SH
TS147,钢结构概念,600496.SH
TS148,新型城镇化,600496.SH
TS27,AB股,600841.SH
TS30,上海,600841.SH
TS81,燃料电池概念,600841.SH
TS34,上海国资改革,600841.SH
TS235,头盔,603289.SH
TS20,浙江,603289.SH
TS63,光伏概念,600546.SH
TS35,煤炭概念,600546.SH
TS1,融资融券,600546.SH
TS122,山西,600546.SH
TS2,转融券标的,600546.SH
TS229,焦煤概念,600546.SH
TS73,摘帽,600546.SH
TS236,物流电商平台,600546.SH
TS237,HJT/HIT电池,600546.SH
TS123,动力煤概念,600546.SH
TS238,农业种植,600084.SH
TS239,乡村振兴,600084.SH
TS164,国企改革,600084.SH
TS206,新疆振兴,600084.SH
TS73,摘帽,600084.SH
TS207,新疆,600084.SH
TS111,葡萄酒,600084.SH
TS92,稀缺资源,600508.SH
TS1,融资融券,600508.SH
TS35,煤炭概念,600508.SH
TS164,国企改革,600508.SH
TS30,上海,600508.SH
TS2,转融券标的,600508.SH
TS229,焦煤概念,600508.SH
TS123,动力煤概念,600508.SH
TS41,汽车零部件概念,603655.SH
TS24,新能源车,603655.SH
TS6,江苏,603655.SH
TS44,昨日涨停,603655.SH
TS68,昨日连板,603655.SH
TS1,融资融券,688185.SH
TS2,转融券标的,688185.SH
TS84,病毒防治,688185.SH
TS240,天津,688185.SH
TS4,股权激励,688185.SH
TS101,沪股通,688185.SH
TS131,AH股,688185.SH
TS102,纳入富时罗素,688185.SH
TS179,MSCI概念,688185.SH
TS7,高价股,688185.SH
TS241,生物疫苗,688185.SH
TS63,光伏概念,603396.SH
TS0,专精特新,603396.SH
TS87,太阳能概念,603396.SH
TS22,锂电池概念,603396.SH
TS183,辽宁,603396.SH
TS3,工业4.0,603396.SH
TS237,HJT/HIT电池,603396.SH
TS44,昨日涨停,603396.SH
TS26,电商概念,603719.SH
TS242,网红直播,603719.SH
TS1,融资融券,603719.SH
TS99,大消费,603719.SH
TS2,转融券标的,603719.SH
TS100,食品饮料概念,603719.SH
TS243,社区团购,603719.SH
TS52,新零售,603719.SH
TS244,湖北,603719.SH
TS245,北交所,601995.SH
TS1,融资融券,601995.SH
TS225,上证50,601995.SH
TS246,券商,601995.SH
TS2,转融券标的,601995.SH
TS101,沪股通,601995.SH
TS131,AH股,601995.SH
TS102,纳入富时罗素,601995.SH
TS179,MSCI概念,601995.SH
TS132,白马股,601995.SH
TS247,金融科技,601995.SH
TS19,北京,601995.SH
TS1,融资融券,601975.SH
TS2,转融券标的,601975.SH
TS73,摘帽,601975.SH
TS197,航运概念,601975.SH
TS6,江苏,601975.SH
TS155,油气设备服务,600256.SH
TS35,煤炭概念,600256.SH
TS248,西部大开发,600256.SH
TS206,新疆振兴,600256.SH
TS106,标普道琼斯中国,600256.SH
TS157,页岩气,600256.SH
TS249,丝绸之路,600256.SH
TS207,新疆,600256.SH
TS38,甲醇,600256.SH
TS116,天然气,600256.SH
TS179,MSCI概念,600256.SH
TS1,融资融券,600256.SH
TS210,低碳经济,600256.SH
TS2,转融券标的,600256.SH
TS250,油改概念,600256.SH
TS159,俄乌冲突概念,600256.SH
TS251,煤改气,600256.SH
TS101,沪股通,600256.SH
TS63,光伏概念,600256.SH
TS252,恒大集团概念,600256.SH
TS65,一带一路,600256.SH
TS36,煤化工概念,600256.SH
TS4,股权激励,600256.SH
TS167,碳中和,600256.SH
TS102,纳入富时罗素,600256.SH
TS0,专精特新,688577.SH
TS217,工业母机,688577.SH
TS1,融资融券,688577.SH
TS2,转融券标的,688577.SH
TS3,工业4.0,688577.SH
TS20,浙江,688577.SH
TS94,新材料,605488.SH
TS20,浙江,605488.SH
TS44,昨日涨停,605488.SH
TS134,触摸屏概念,600876.SH
TS253,中国建材集团,600876.SH
TS254,玻璃概念,600876.SH
TS106,标普道琼斯中国,600876.SH
TS128,河南,600876.SH
TS73,摘帽,600876.SH
TS101,沪股通,600876.SH
TS44,昨日涨停,600876.SH
TS63,光伏概念,600876.SH
TS164,国企改革,600876.SH
TS87,太阳能概念,600876.SH
TS131,AH股,600876.SH
TS102,纳入富时罗素,600876.SH
TS245,北交所,601995.SH
TS1,融资融券,601995.SH
TS225,上证50,601995.SH
TS246,券商,601995.SH
TS2,转融券标的,601995.SH
TS101,沪股通,601995.SH
TS131,AH股,601995.SH
TS102,纳入富时罗素,601995.SH
TS179,MSCI概念,601995.SH
TS132,白马股,601995.SH
TS247,金融科技,601995.SH
TS19,北京,601995.SH
TS255,铁路基建,600592.SH
TS156,军工,600592.SH
TS1,融资融券,600592.SH
TS190,海峡西岸,600592.SH
TS191,福建,600592.SH
TS2,转融券标的,600592.SH
TS256,军民融合,600592.SH
TS1,融资融券,601975.SH
TS2,转融券标的,601975.SH
TS73,摘帽,601975.SH
TS197,航运概念,601975.SH
TS6,江苏,601975.SH
TS257,区块链,600070.SH
TS46,股份回购,600070.SH
TS258,抖音概念,600070.SH
TS259,今日头条概念,600070.SH
TS20,浙江,600070.SH
TS260,快手概念,600070.SH
TS160,口罩,600070.SH
TS119,节能环保,600070.SH
TS14,华为概念,600070.SH
TS261,独角兽概念,600070.SH
TS262,固废处理,600070.SH
TS263,腾讯概念,600070.SH
TS264,大数据,600070.SH
TS265,金融改革,600070.SH
TS26,电商概念,603116.SH
TS266,C2M概念,603116.SH
TS46,股份回购,603116.SH
TS52,新零售,603116.SH
TS31,纺织服装概念,603116.SH
TS115,破净股,603116.SH
TS20,浙江,603116.SH
TS267,参股券商,603116.SH
TS265,金融改革,603116.SH
TS153,参股民营银行,603116.SH
TS41,汽车零部件概念,603178.SH
TS24,新能源车,603178.SH
TS20,浙江,603178.SH
TS1,融资融券,600276.SH
TS99,大消费,600276.SH
TS106,标普道琼斯中国,600276.SH
TS2,转融券标的,600276.SH
TS219,证金持股,600276.SH
TS85,医保,600276.SH
TS33,生物医药,600276.SH
TS101,沪股通,600276.SH
TS82,化学制剂概念,600276.SH
TS268,仿制药一致性评价,600276.SH
TS225,上证50,600276.SH
TS269,单抗概念,600276.SH
TS226,茅指数,600276.SH
TS270,抗癌,600276.SH
TS173,创新药,600276.SH
TS271,布洛芬概念,600276.SH
TS179,MSCI概念,600276.SH
TS102,纳入富时罗素,600276.SH
TS180,QFII重仓,600276.SH
TS6,江苏,600276.SH
TS1,融资融券,688045.SH
TS272,智能家居,688045.SH
TS23,广东,688045.SH
TS17,新股与次新股,688045.SH
TS2,转融券标的,688045.SH
TS18,芯片概念,688045.SH
TS181,股权转让,600545.SH
TS1,融资融券,600545.SH
TS106,标普道琼斯中国,600545.SH
TS2,转融券标的,600545.SH
TS3,工业4.0,600545.SH
TS207,新疆,600545.SH
TS44,昨日涨停,600545.SH
TS273,6G,603256.SH
TS8,消费电子产业,603256.SH
TS71,5G概念,603256.SH
TS30,上海,603256.SH
TS274,玻璃纤维,603256.SH
TS11,手机产业,603256.SH
TS13,苹果概念,603256.SH
TS14,华为概念,603256.SH
TS71,5G概念,603236.SH
TS30,上海,603236.SH
TS77,仪器仪表概念,603236.SH
TS4,股权激励,603236.SH
TS275,车联网,603236.SH
TS78,物联网,603236.SH
TS101,沪股通,603236.SH
TS102,纳入富时罗素,603236.SH
TS276,共享单车,603236.SH
TS186,华为海思概念,603236.SH
TS7,高价股,603236.SH
TS0,专精特新,688618.SH
TS1,融资融券,688618.SH
TS23,广东,688618.SH
TS76,边缘计算,688618.SH
TS141,工业互联网,688618.SH
TS2,转融券标的,688618.SH
TS18,芯片概念,688618.SH
TS154,集成电路概念,688262.SH
TS16,半导体产业,688262.SH
TS1,融资融券,688262.SH
TS277,东数西算,688262.SH
TS9,比亚迪概念,688262.SH
TS17,新股与次新股,688262.SH
TS2,转融券标的,688262.SH
TS278,国家大基金持股,688262.SH
TS18,芯片概念,688262.SH
TS279,汽车芯片,688262.SH
TS185,大基金二期,688262.SH
TS6,江苏,688262.SH
TS280,创投,603133.SH
TS261,独角兽概念,603133.SH
TS8,消费电子产业,603133.SH
TS137,石墨烯,603133.SH
TS11,手机产业,603133.SH
TS89,无线耳机,603133.SH
TS6,江苏,603133.SH
TS14,华为概念,603133.SH
TS281,3D玻璃,603133.SH
TS282,风电概念,603606.SH
TS1,融资融券,603606.SH
TS216,海工装备,603606.SH
TS2,转融券标的,603606.SH
TS20,浙江,603606.SH
TS101,沪股通,603606.SH
TS102,纳入富时罗素,603606.SH
TS267,参股券商,603606.SH
TS132,白马股,603606.SH
TS283,消毒液,603077.SH
TS1,融资融券,603077.SH
TS106,标普道琼斯中国,603077.SH
TS254,玻璃概念,603077.SH
TS2,转融券标的,603077.SH
TS158,四川,603077.SH
TS101,沪股通,603077.SH
TS284,草甘膦,603077.SH
TS285,联碱,603077.SH
TS63,光伏概念,603077.SH
TS211,化学原料概念,603077.SH
TS286,农药概念,603077.SH
TS287,黑磷,603077.SH
TS288,磷化工,603077.SH
TS116,天然气,603077.SH
TS289,低辐射玻璃,603077.SH
TS102,纳入富时罗素,603077.SH
TS109,山东,301199.SZ
TS1,融资融券,301199.SZ
TS17,新股与次新股,301199.SZ
TS2,转融券标的,301199.SZ
TS119,节能环保,301199.SZ
TS231,建筑节能概念,301199.SZ
TS63,光伏概念,300093.SZ
TS290,移动互联网,300093.SZ
TS291,甘肃,300093.SZ
TS254,玻璃概念,300093.SZ
TS292,建筑节能,300093.SZ
TS293,举牌概念,300093.SZ
TS289,低辐射玻璃,300093.SZ
TS237,HJT/HIT电池,300093.SZ
TS44,昨日涨停,300093.SZ
TS231,建筑节能概念,300093.SZ
TS294,新能源,300093.SZ
TS148,新型城镇化,300093.SZ
TS0,专精特新,300930.SZ
TS94,新材料,300930.SZ
TS1,融资融券,300930.SZ
TS2,转融券标的,300930.SZ
TS295,金属回收,300930.SZ
TS20,浙江,300930.SZ
TS132,白马股,300930.SZ
TS153,参股民营银行,300930.SZ
TS242,网红直播,300113.SZ
TS296,电子信息,300113.SZ
TS1,融资融券,300113.SZ
TS277,东数西算,300113.SZ
TS71,5G概念,300113.SZ
TS297,深股通,300113.SZ
TS2,转融券标的,300113.SZ
TS46,股份回购,300113.SZ
TS298,元宇宙,300113.SZ
TS184,文化传媒,300113.SZ
TS20,浙江,300113.SZ
TS299,网络游戏,300113.SZ
TS300,网络安全,300113.SZ
TS301,盲盒,300113.SZ
TS302,电子竞技,300113.SZ
TS263,腾讯概念,300113.SZ
TS303,互联网金融,300113.SZ
TS76,边缘计算,300113.SZ
TS4,股权激励,300113.SZ
TS304,手游概念,300113.SZ
TS102,纳入富时罗素,300113.SZ
TS305,云游戏,300113.SZ
TS306,虚拟现实（VR）,300113.SZ
TS79,云计算,300113.SZ
TS41,汽车零部件概念,300707.SZ
TS124,储能概念,300707.SZ
TS22,锂电池概念,300707.SZ
TS46,股份回购,300707.SZ
TS24,新能源车,300707.SZ
TS10,特斯拉,300707.SZ
TS6,江苏,300707.SZ
TS139,含可转债,300707.SZ
TS156,军工,300799.SZ
TS297,深股通,300799.SZ
TS18,芯片概念,300799.SZ
TS300,网络安全,300799.SZ
TS19,北京,300799.SZ
TS1,融资融券,300679.SZ
TS71,5G概念,300679.SZ
TS297,深股通,300679.SZ
TS2,转融券标的,300679.SZ
TS307,电子烟,300679.SZ
TS24,新能源车,300679.SZ
TS308,深圳特区,300679.SZ
TS14,华为概念,300679.SZ
TS273,6G,300679.SZ
TS8,消费电子产业,300679.SZ
TS309,高送转,300679.SZ
TS23,广东,300679.SZ
TS11,手机产业,300679.SZ
TS102,纳入富时罗素,300679.SZ
TS104,安防概念,300367.SZ
TS257,区块链,300367.SZ
TS3,工业4.0,300367.SZ
TS310,无人机,300367.SZ
TS73,摘帽,300367.SZ
TS311,低价股,300367.SZ
TS261,独角兽概念,300367.SZ
TS312,国产软件,300367.SZ
TS313,机器视觉,300367.SZ
TS314,增强现实（AR）,300367.SZ
TS272,智能家居,300367.SZ
TS39,人工智能,300367.SZ
TS78,物联网,300367.SZ
TS315,人脸识别,300367.SZ
TS89,无线耳机,300367.SZ
TS306,虚拟现实（VR）,300367.SZ
TS5,机器人概念,300367.SZ
TS264,大数据,300367.SZ
TS19,北京,300367.SZ
TS247,金融科技,300367.SZ
TS79,云计算,300367.SZ
TS1,融资融券,300027.SZ
TS99,大消费,300027.SZ
TS2,转融券标的,300027.SZ
TS316,主题公园,300027.SZ
TS184,文化传媒,300027.SZ
TS20,浙江,300027.SZ
TS299,网络游戏,300027.SZ
TS311,低价股,300027.SZ
TS138,宁德时代概念,300027.SZ
TS302,电子竞技,300027.SZ
TS263,腾讯概念,300027.SZ
TS290,移动互联网,300027.SZ
TS317,影视传媒,300027.SZ
TS318,动漫概念,300027.SZ
TS304,手游概念,300027.SZ
TS319,阿里概念,300027.SZ
TS306,虚拟现实（VR）,300027.SZ
TS112,污水处理,300801.SZ
TS283,消毒液,300801.SZ
TS109,山东,300801.SZ
TS22,锂电池概念,300801.SZ
TS313,机器视觉,300400.SZ
TS23,广东,300400.SZ
TS46,股份回购,300400.SZ
TS320,超高清视频,300400.SZ
TS135,OLED,300400.SZ
TS321,富士康概念,300400.SZ
TS308,深圳特区,300400.SZ
TS5,机器人概念,300400.SZ
TS322,柔性屏,300400.SZ
TS14,华为概念,300400.SZ
TS323,电子纸,300400.SZ
TS281,3D玻璃,300400.SZ
TS1,融资融券,301073.SZ
TS309,高送转,301073.SZ
TS2,转融券标的,301073.SZ
TS17,新股与次新股,301073.SZ
TS20,浙江,301073.SZ
TS220,旅游概念,301073.SZ
TS291,甘肃,300534.SZ
TS59,中药概念,300534.SZ
TS324,中成药,300534.SZ
TS267,参股券商,300534.SZ
TS134,触摸屏概念,300032.SZ
TS325,共享经济,300032.SZ
TS24,新能源车,300032.SZ
TS326,盖板玻璃,300032.SZ
TS298,元宇宙,300032.SZ
TS20,浙江,300032.SZ
TS327,蓝宝石,300032.SZ
TS14,华为概念,300032.SZ
TS187,光刻机（胶）,300032.SZ
TS15,小米概念,300032.SZ
TS133,智能穿戴,300032.SZ
TS8,消费电子产业,300032.SZ
TS135,OLED,300032.SZ
TS11,手机产业,300032.SZ
TS306,虚拟现实（VR）,300032.SZ
TS63,光伏概念,300842.SZ
TS16,半导体产业,300842.SZ
TS0,专精特新,300842.SZ
TS94,新材料,300842.SZ
TS87,太阳能概念,300842.SZ
TS165,中芯国际概念,300842.SZ
TS18,芯片概念,300842.SZ
TS237,HJT/HIT电池,300842.SZ
TS6,江苏,300842.SZ
TS154,集成电路概念,300613.SZ
TS16,半导体产业,300613.SZ
TS104,安防概念,300613.SZ
TS0,专精特新,300613.SZ
TS30,上海,300613.SZ
TS297,深股通,300613.SZ
TS320,超高清视频,300613.SZ
TS18,芯片概念,300613.SZ
TS309,高送转,300613.SZ
TS39,人工智能,300613.SZ
TS4,股权激励,300613.SZ
TS279,汽车芯片,300613.SZ
TS102,纳入富时罗素,300613.SZ
TS315,人脸识别,300613.SZ
TS139,含可转债,300613.SZ
TS0,专精特新,300503.SZ
TS217,工业母机,300503.SZ
TS23,广东,300503.SZ
TS3,工业4.0,300503.SZ
TS130,高端装备,300503.SZ
TS81,燃料电池概念,300503.SZ
TS321,富士康概念,300503.SZ
TS281,3D玻璃,300503.SZ
TS156,军工,300041.SZ
TS140,雄安新区,300041.SZ
TS169,华为汽车,300041.SZ
TS46,股份回购,300041.SZ
TS144,装配式建筑,300041.SZ
TS244,湖北,300041.SZ
TS138,宁德时代概念,300041.SZ
TS14,华为概念,300041.SZ
TS328,有机硅类,300041.SZ
TS280,创投,300041.SZ
TS63,光伏概念,300041.SZ
TS22,锂电池概念,300041.SZ
TS329,聚氨酯胶,300041.SZ
TS166,PVDF概念,300041.SZ
TS136,轨道交通,300041.SZ
TS330,高铁,300041.SZ
TS156,军工,300307.SZ
TS266,C2M概念,300307.SZ
TS141,工业互联网,300307.SZ
TS3,工业4.0,300307.SZ
TS18,芯片概念,300307.SZ
TS20,浙江,300307.SZ
TS299,网络游戏,300307.SZ
TS160,口罩,300307.SZ
TS14,华为概念,300307.SZ
TS26,电商概念,300307.SZ
TS63,光伏概念,300307.SZ
TS124,储能概念,300307.SZ
TS290,移动互联网,300307.SZ
TS22,锂电池概念,300307.SZ
TS331,拼多多概念,300307.SZ
TS76,边缘计算,300307.SZ
TS39,人工智能,300307.SZ
TS5,机器人概念,300307.SZ
TS306,虚拟现实（VR）,300307.SZ
TS156,军工,300325.SZ
TS332,大飞机,300325.SZ
TS333,可降解塑料,300325.SZ
TS24,新能源车,300325.SZ
TS81,燃料电池概念,300325.SZ
TS73,摘帽,300325.SZ
TS334,供应链金融,300325.SZ
TS311,低价股,300325.SZ
TS67,特高压,300325.SZ
TS160,口罩,300325.SZ
TS163,氢能源,300325.SZ
TS181,股权转让,300325.SZ
TS94,新材料,300325.SZ
TS335,聚氯乙烯,300325.SZ
TS336,能源互联网,300325.SZ
TS6,江苏,300325.SZ
TS63,光伏概念,301168.SZ
TS1,融资融券,301168.SZ
TS87,太阳能概念,301168.SZ
TS2,转融券标的,301168.SZ
TS17,新股与次新股,301168.SZ
TS6,江苏,301168.SZ
TS1,融资融券,301221.SZ
TS169,华为汽车,301221.SZ
TS2,转融券标的,301221.SZ
TS17,新股与次新股,301221.SZ
TS244,湖北,301221.SZ
TS25,汽车电子概念,301221.SZ
TS103,社保重仓,301221.SZ
TS242,网红直播,002503.SZ
TS337,O2O概念,002503.SZ
TS1,融资融券,002503.SZ
TS338,职业教育,002503.SZ
TS266,C2M概念,002503.SZ
TS106,标普道琼斯中国,002503.SZ
TS2,转融券标的,002503.SZ
TS31,纺织服装概念,002503.SZ
TS311,低价股,002503.SZ
TS160,口罩,002503.SZ
TS339,跨境电商概念,002503.SZ
TS280,创投,002503.SZ
TS181,股权转让,002503.SZ
TS23,广东,002503.SZ
TS340,在线教育,002503.SZ
TS139,含可转债,002503.SZ
TS341,航空发动机,002031.SZ
TS217,工业母机,002031.SZ
TS3,工业4.0,002031.SZ
TS311,低价股,002031.SZ
TS235,头盔,002031.SZ
TS160,口罩,002031.SZ
TS44,昨日涨停,002031.SZ
TS153,参股民营银行,002031.SZ
TS280,创投,002031.SZ
TS342,轮胎概念,002031.SZ
TS213,核电概念,002031.SZ
TS23,广东,002031.SZ
TS39,人工智能,002031.SZ
TS5,机器人概念,002031.SZ
TS68,昨日连板,002031.SZ
TS343,智慧政务,002528.SZ
TS104,安防概念,002528.SZ
TS71,5G概念,002528.SZ
TS344,数字经济,002528.SZ
TS258,抖音概念,002528.SZ
TS345,深圳国资改革,002528.SZ
TS209,触板,002528.SZ
TS184,文化传媒,002528.SZ
TS260,快手概念,002528.SZ
TS74,智慧城市,002528.SZ
TS308,深圳特区,002528.SZ
TS14,华为概念,002528.SZ
TS256,军民融合,002528.SZ
TS181,股权转让,002528.SZ
TS272,智能家居,002528.SZ
TS23,广东,002528.SZ
TS346,智能交通,002528.SZ
TS315,人脸识别,002528.SZ
TS261,独角兽概念,000530.SZ
TS27,AB股,000530.SZ
TS347,地热能,000530.SZ
TS183,辽宁,000530.SZ
TS76,边缘计算,000530.SZ
TS348,体育产业,000530.SZ
TS78,物联网,000530.SZ
TS167,碳中和,000530.SZ
TS61,冷链物流,000530.SZ
TS267,参股券商,000530.SZ
TS264,大数据,000530.SZ
TS233,北京冬奥会,000530.SZ
TS63,光伏概念,002218.SZ
TS303,互联网金融,002218.SZ
TS87,太阳能概念,002218.SZ
TS210,低碳经济,002218.SZ
TS254,玻璃概念,002218.SZ
TS23,广东,002218.SZ
TS308,深圳特区,002218.SZ
TS237,HJT/HIT电池,002218.SZ
TS349,P2P概念,002218.SZ
TS146,BIPV概念(光伏建筑一体化),002218.SZ
TS294,新能源,002218.SZ
TS181,股权转让,002652.SZ
TS140,雄安新区,002652.SZ
TS94,新材料,002652.SZ
TS292,建筑节能,002652.SZ
TS311,低价股,002652.SZ
TS6,江苏,002652.SZ
TS322,柔性屏,002652.SZ
TS350,纳米银,002652.SZ
TS351,养老概念,002652.SZ
TS99,大消费,002905.SZ
TS23,广东,002905.SZ
TS317,影视传媒,002905.SZ
TS184,文化传媒,002905.SZ
TS262,固废处理,000838.SZ
TS26,电商概念,000838.SZ
TS112,污水处理,000838.SZ
TS352,房地产开发概念,000838.SZ
TS353,租售同权,000838.SZ
TS73,摘帽,000838.SZ
TS43,重庆,000838.SZ
TS354,房屋租赁,000838.SZ
TS355,重庆房价上涨,000838.SZ
TS26,电商概念,002166.SZ
TS0,专精特新,002166.SZ
TS1,融资融券,002166.SZ
TS84,病毒防治,002166.SZ
TS356,工业大麻,002166.SZ
TS2,转融券标的,002166.SZ
TS357,代糖(甜味剂),002166.SZ
TS358,广西,002166.SZ
TS359,代糖概念,002166.SZ
TS324,中成药,002166.SZ
TS86,禽流感,002166.SZ
TS3,工业4.0,002896.SZ
TS20,浙江,002896.SZ
TS139,含可转债,002896.SZ
TS5,机器人概念,002896.SZ
TS41,汽车零部件概念,002454.SZ
TS124,储能概念,002454.SZ
TS30,上海,002454.SZ
TS24,新能源车,002454.SZ
TS136,轨道交通,002454.SZ
TS215,汽车热管理,002454.SZ
TS61,冷链物流,002454.SZ
TS25,汽车电子概念,002454.SZ
TS138,宁德时代概念,002454.SZ
TS44,昨日涨停,002454.SZ
TS154,集成电路概念,002158.SZ
TS140,雄安新区,002158.SZ
TS1,融资融券,002158.SZ
TS30,上海,002158.SZ
TS297,深股通,002158.SZ
TS2,转融券标的,002158.SZ
TS141,工业互联网,002158.SZ
TS3,工业4.0,002158.SZ
TS24,新能源车,002158.SZ
TS81,燃料电池概念,002158.SZ
TS119,节能环保,002158.SZ
TS63,光伏概念,002158.SZ
TS347,地热能,002158.SZ
TS102,纳入富时罗素,002158.SZ
TS61,冷链物流,002158.SZ
TS0,专精特新,002549.SZ
TS297,深股通,002549.SZ
TS159,俄乌冲突概念,002549.SZ
TS360,兜底增持概念,002549.SZ
TS119,节能环保,002549.SZ
TS12,湖南,002549.SZ
TS161,碳交易,002549.SZ
TS361,尾气治理,002549.SZ
TS163,氢能源,002549.SZ
TS113,工业气体,002549.SZ
TS167,碳中和,002549.SZ
TS61,冷链物流,002549.SZ
TS126,养老金持股,002549.SZ
TS154,集成电路概念,002079.SZ
TS16,半导体产业,002079.SZ
TS362,胎压监测,002079.SZ
TS71,5G概念,002079.SZ
TS325,共享经济,002079.SZ
TS18,芯片概念,002079.SZ
TS363,第三代半导体,002079.SZ
TS14,华为概念,002079.SZ
TS133,智能穿戴,002079.SZ
TS280,创投,002079.SZ
TS364,国产操作系统,002079.SZ
TS11,手机产业,002079.SZ
TS78,物联网,002079.SZ
TS365,光伏电池,002079.SZ
TS6,江苏,002079.SZ
TS1,融资融券,002079.SZ
TS2,转融券标的,002079.SZ
TS297,深股通,002079.SZ
TS366,碳化硅,002079.SZ
TS13,苹果概念,002079.SZ
TS294,新能源,002079.SZ
TS63,光伏概念,002079.SZ
TS367,华为鸿蒙,002079.SZ
TS87,太阳能概念,002079.SZ
TS279,汽车芯片,002079.SZ
TS21,传感器,002079.SZ
TS102,纳入富时罗素,002079.SZ
TS237,HJT/HIT电池,002079.SZ
TS89,无线耳机,002079.SZ
TS306,虚拟现实（VR）,002079.SZ
TS261,独角兽概念,002529.SZ
TS63,光伏概念,002529.SZ
TS181,股权转让,002529.SZ
TS168,蔚来汽车概念,002529.SZ
TS24,新能源车,002529.SZ
TS73,摘帽,002529.SZ
TS202,3D打印,002529.SZ
TS368,江西,002529.SZ
TS138,宁德时代概念,002529.SZ
TS369,碳纤维概念,002529.SZ
TS109,山东,002838.SZ
TS0,专精特新,002838.SZ
TS71,5G概念,002838.SZ
TS1,融资融券,002838.SZ
TS297,深股通,002838.SZ
TS2,转融券标的,002838.SZ
TS333,可降解塑料,002838.SZ
TS10,特斯拉,002838.SZ
TS235,头盔,002838.SZ
TS160,口罩,002838.SZ
TS44,昨日涨停,002838.SZ
TS15,小米概念,002838.SZ
TS94,新材料,002838.SZ
TS102,纳入富时罗素,002838.SZ
TS139,含可转债,002838.SZ
TS17,新股与次新股,001316.SZ
TS23,广东,001316.SZ
TS44,昨日涨停,001316.SZ
TS370,外贸受益,001316.SZ
TS201,家用电器概念,300660.SZ
TS76,边缘计算,300660.SZ
TS24,新能源车,300660.SZ
TS18,芯片概念,300660.SZ
TS78,物联网,300660.SZ
TS138,宁德时代概念,300660.SZ
TS6,江苏,300660.SZ
TS264,大数据,300660.SZ
TS183,辽宁,002731.SZ
TS371,黄金概念,002731.SZ
TS349,P2P概念,002731.SZ
TS23,广东,003028.SZ
TS24,新能源车,003028.SZ
TS78,物联网,003028.SZ
TS44,昨日涨停,003028.SZ
TS68,昨日连板,003028.SZ
TS280,创投,002058.SZ
TS181,股权转让,002058.SZ
TS30,上海,002058.SZ
TS213,核电概念,002058.SZ
TS210,低碳经济,002058.SZ
TS77,仪器仪表概念,002058.SZ
TS73,摘帽,002058.SZ
TS372,壳资源概念,002058.SZ
TS21,传感器,002058.SZ
TS44,昨日涨停,002058.SZ
TS17,新股与次新股,001226.SZ
TS127,工程机械概念,001226.SZ
TS44,昨日涨停,001226.SZ
TS40,安徽,001226.SZ
TS192,PCB概念,002866.SZ
TS0,专精特新,002866.SZ
TS8,消费电子产业,002866.SZ
TS321,富士康概念,002866.SZ
TS6,江苏,002866.SZ
TS322,柔性屏,002866.SZ
TS44,昨日涨停,002866.SZ
TS15,小米概念,002866.SZ
TS14,华为概念,002866.SZ
TS281,3D玻璃,002866.SZ
TS373,大豆,003030.SZ
TS99,大消费,003030.SZ
TS100,食品饮料概念,003030.SZ
TS194,人造肉,003030.SZ
TS20,浙江,003030.SZ
TS94,新材料,001296.SZ
TS17,新股与次新股,001296.SZ
TS43,重庆,001296.SZ
TS91,稀土永磁,002943.SZ
TS217,工业母机,002943.SZ
TS12,湖南,002943.SZ
TS109,山东,002655.SZ
TS16,半导体产业,002655.SZ
TS307,电子烟,002655.SZ
TS298,元宇宙,002655.SZ
TS184,文化传媒,002655.SZ
TS18,芯片概念,002655.SZ
TS374,智能音箱,002655.SZ
TS13,苹果概念,002655.SZ
TS14,华为概念,002655.SZ
TS15,小米概念,002655.SZ
TS133,智能穿戴,002655.SZ
TS181,股权转让,002655.SZ
TS8,消费电子产业,002655.SZ
TS375,语音技术,002655.SZ
TS21,传感器,002655.SZ
TS89,无线耳机,002655.SZ
TS103,社保重仓,002655.SZ
TS1,融资融券,000683.SZ
TS376,石墨电极,000683.SZ
TS377,化肥,000683.SZ
TS106,标普道琼斯中国,000683.SZ
TS2,转融券标的,000683.SZ
TS297,深股通,000683.SZ
TS73,摘帽,000683.SZ
TS211,化学原料概念,000683.SZ
TS212,内蒙古,000683.SZ
TS36,煤化工概念,000683.SZ
TS4,股权激励,000683.SZ
TS38,甲醇,000683.SZ
TS116,天然气,000683.SZ
TS179,MSCI概念,000683.SZ
TS102,纳入富时罗素,000683.SZ
TS378,股权冻结,000683.SZ
TS379,纯碱概念,000683.SZ
TS156,军工,003002.SZ
TS380,民爆概念,003002.SZ
TS255,铁路基建,003002.SZ
TS122,山西,003002.SZ
TS65,一带一路,003002.SZ
TS209,触板,003002.SZ
TS381,爱奇艺概念,000892.SZ
TS42,成渝特区,000892.SZ
TS317,影视传媒,000892.SZ
TS73,摘帽,000892.SZ
TS184,文化传媒,000892.SZ
TS43,重庆,000892.SZ
TS41,汽车零部件概念,002363.SZ
TS156,军工,002363.SZ
TS109,山东,002363.SZ
TS22,锂电池概念,002363.SZ
TS3,工业4.0,002363.SZ
TS24,新能源车,002363.SZ
TS130,高端装备,002363.SZ
TS10,特斯拉,002363.SZ
TS168,蔚来汽车概念,002050.SZ
TS1,融资融券,002050.SZ
TS169,华为汽车,002050.SZ
TS106,标普道琼斯中国,002050.SZ
TS201,家用电器概念,002050.SZ
TS297,深股通,002050.SZ
TS2,转融券标的,002050.SZ
TS46,股份回购,002050.SZ
TS24,新能源车,002050.SZ
TS81,燃料电池概念,002050.SZ
TS10,特斯拉,002050.SZ
TS20,浙江,002050.SZ
TS252,恒大集团概念,002050.SZ
TS215,汽车热管理,002050.SZ
TS382,恒大汽车,002050.SZ
TS179,MSCI概念,002050.SZ
TS102,纳入富时罗素,002050.SZ
TS139,含可转债,002050.SZ
TS3,工业4.0,000821.SZ
TS46,股份回购,000821.SZ
TS310,无人机,000821.SZ
TS10,特斯拉,000821.SZ
TS244,湖北,000821.SZ
TS44,昨日涨停,000821.SZ
TS241,生物疫苗,000821.SZ
TS63,光伏概念,000821.SZ
TS261,独角兽概念,000821.SZ
TS313,机器视觉,000821.SZ
TS22,锂电池概念,000821.SZ
TS50,马彩概念,000821.SZ
TS51,赛马概念,000821.SZ
TS39,人工智能,000821.SZ
TS237,HJT/HIT电池,000821.SZ
TS68,昨日连板,000821.SZ
TS188,长三角一体化,002631.SZ
TS1,融资融券,002631.SZ
TS266,C2M概念,002631.SZ
TS272,智能家居,002631.SZ
TS2,转融券标的,002631.SZ
TS137,石墨烯,002631.SZ
TS383,家居概念,002631.SZ
TS119,节能环保,002631.SZ
TS384,核污染防治,002631.SZ
TS322,柔性屏,002631.SZ
TS6,江苏,002631.SZ
TS139,含可转债,002631.SZ
TS1,融资融券,003039.SZ
TS23,广东,003039.SZ
TS297,深股通,003039.SZ
TS2,转融券标的,003039.SZ
TS92,稀缺资源,002738.SZ
TS297,深股通,002738.SZ
TS10,特斯拉,002738.SZ
TS221,北向大额买入,002738.SZ
TS385,锂矿,002738.SZ
TS22,锂电池概念,002738.SZ
TS65,一带一路,002738.SZ
TS4,股权激励,002738.SZ
TS386,铁矿石概念,002738.SZ
TS95,小金属概念,002738.SZ
TS102,纳入富时罗素,002738.SZ
TS387,钴概念,002738.SZ
TS139,含可转债,002738.SZ
TS19,北京,002738.SZ
TS156,军工,002902.SZ
TS16,半导体产业,002902.SZ
TS71,5G概念,002902.SZ
TS344,数字经济,002902.SZ
TS23,广东,002902.SZ
TS388,F5G,002902.SZ
TS18,芯片概念,002902.SZ
TS363,第三代半导体,002902.SZ
TS186,华为海思概念,002902.SZ
TS44,昨日涨停,002902.SZ
TS14,华为概念,002902.SZ
TS68,昨日连板,002902.SZ
TS109,山东,002805.SZ
TS389,磷酸铁锂,002805.SZ
TS22,锂电池概念,002805.SZ
TS44,昨日涨停,002805.SZ
TS294,新能源,002805.SZ
TS63,光伏概念,002623.SZ
TS94,新材料,002623.SZ
TS87,太阳能概念,002623.SZ
TS254,玻璃概念,002623.SZ
TS10,特斯拉,002623.SZ
TS146,BIPV概念(光伏建筑一体化),002623.SZ
TS6,江苏,002623.SZ
TS44,昨日涨停,002623.SZ
TS294,新能源,002623.SZ
TS255,铁路基建,002248.SZ
TS109,山东,002248.SZ
TS217,工业母机,002248.SZ
TS213,核电概念,002248.SZ
TS130,高端装备,002248.SZ
TS73,摘帽,002248.SZ
TS330,高铁,002248.SZ
TS5,机器人概念,002248.SZ
TS168,蔚来汽车概念,002101.SZ
TS71,5G概念,002101.SZ
TS169,华为汽车,002101.SZ
TS24,新能源车,002101.SZ
TS48,汽车压铸一体化,002101.SZ
TS209,触板,002101.SZ
TS10,特斯拉,002101.SZ
TS25,汽车电子概念,002101.SZ
TS138,宁德时代概念,002101.SZ
TS14,华为概念,002101.SZ
TS41,汽车零部件概念,002101.SZ
TS280,创投,002101.SZ
TS9,比亚迪概念,002101.SZ
TS23,广东,002101.SZ
TS390,横琴新区,002101.SZ
TS262,固废处理,002996.SZ
TS93,有色金属概念,002996.SZ
TS391,铝概念,002996.SZ
TS295,金属回收,002996.SZ
TS43,重庆,002996.SZ
TS44,昨日涨停,002996.SZ
TS156,军工,002747.SZ
TS1,融资融券,002747.SZ
TS297,深股通,002747.SZ
TS2,转融券标的,002747.SZ
TS141,工业互联网,002747.SZ
TS3,工业4.0,002747.SZ
TS160,口罩,002747.SZ
TS138,宁德时代概念,002747.SZ
TS313,机器视觉,002747.SZ
TS392,农机,002747.SZ
TS39,人工智能,002747.SZ
TS4,股权激励,002747.SZ
TS393,航母概念,002747.SZ
TS6,江苏,002747.SZ
TS5,机器人概念,002747.SZ
TS380,民爆概念,002917.SZ
TS156,军工,002917.SZ
TS23,广东,002917.SZ
TS141,工业互联网,002917.SZ
TS308,深圳特区,002917.SZ
TS5,机器人概念,002917.SZ
TS44,昨日涨停,002917.SZ
TS256,军民融合,002917.SZ
TS242,网红直播,002291.SZ
TS337,O2O概念,002291.SZ
TS1,融资融券,002291.SZ
TS2,转融券标的,002291.SZ
TS258,抖音概念,002291.SZ
TS31,纺织服装概念,002291.SZ
TS259,今日头条概念,002291.SZ
TS184,文化传媒,002291.SZ
TS372,壳资源概念,002291.SZ
TS260,快手概念,002291.SZ
TS394,短视频,002291.SZ
TS26,电商概念,002291.SZ
TS395,虚拟数字人,002291.SZ
TS23,广东,002291.SZ
TS4,股权激励,002291.SZ
TS306,虚拟现实（VR）,002291.SZ
TS106,标普道琼斯中国,002907.SZ
TS85,医保,002907.SZ
TS43,重庆,002907.SZ
TS396,幽门螺杆菌概念,002907.SZ
TS139,含可转债,002907.SZ
TS227,景点旅游,002033.SZ
TS220,旅游概念,002033.SZ
TS397,在线旅游,002033.SZ
TS44,昨日涨停,002033.SZ
TS398,云南,002033.SZ
TS63,光伏概念,002843.SZ
TS8,消费电子产业,002843.SZ
TS12,湖南,002843.SZ
TS44,昨日涨停,002843.SZ
TS54,医疗器械概念,002571.SZ
TS266,C2M概念,002571.SZ
TS254,玻璃概念,002571.SZ
TS209,触板,002571.SZ
TS73,摘帽,002571.SZ
TS360,兜底增持概念,002571.SZ
TS299,网络游戏,002571.SZ
TS280,创投,002571.SZ
TS63,光伏概念,002571.SZ
TS181,股权转让,002571.SZ
TS331,拼多多概念,002571.SZ
TS383,家居概念,002571.SZ
TS40,安徽,002571.SZ
TS71,5G概念,002786.SZ
TS399,天津自贸区,002786.SZ
TS169,华为汽车,002786.SZ
TS23,广东,002786.SZ
TS3,工业4.0,002786.SZ
TS24,新能源车,002786.SZ
TS160,口罩,002786.SZ
TS308,深圳特区,002786.SZ
TS44,昨日涨停,002786.SZ
TS14,华为概念,002786.SZ
TS63,光伏概念,002514.SZ
TS112,污水处理,002514.SZ
TS400,医废处理,002514.SZ
TS401,换电概念,002514.SZ
TS66,智能电网,002514.SZ
TS119,节能环保,002514.SZ
TS167,碳中和,002514.SZ
TS6,江苏,002514.SZ
TS44,昨日涨停,002514.SZ
TS68,昨日连板,002514.SZ
TS402,北斗导航,000058.SZ
TS27,AB股,000058.SZ
TS403,物业管理概念,000058.SZ
TS345,深圳国资改革,000058.SZ
TS73,摘帽,000058.SZ
TS308,深圳特区,000058.SZ
TS44,昨日涨停,000058.SZ
TS294,新能源,000058.SZ
TS63,光伏概念,000058.SZ
TS26,电商概念,000058.SZ
TS280,创投,000058.SZ
TS302,电子竞技,000058.SZ
TS245,北交所,000058.SZ
TS87,太阳能概念,000058.SZ
TS23,广东,000058.SZ
TS318,动漫概念,000058.SZ
TS146,BIPV概念(光伏建筑一体化),000058.SZ
TS23,广东,002888.SZ
TS89,无线耳机,002888.SZ
TS25,汽车电子概念,002888.SZ
TS374,智能音箱,002888.SZ
TS177,粤港澳自贸区,002953.SZ
TS71,5G概念,002953.SZ
TS23,广东,002953.SZ
TS78,物联网,002953.SZ
TS139,含可转债,002953.SZ
TS44,昨日涨停,002953.SZ
TS14,华为概念,002953.SZ
TS156,军工,001208.SZ
TS64,高低压设备,001208.SZ
TS0,专精特新,001208.SZ
TS404,航天装备,001208.SZ
TS67,特高压,001208.SZ
TS12,湖南,001208.SZ
TS44,昨日涨停,001208.SZ
TS342,轮胎概念,002753.SZ
TS376,石墨电极,002753.SZ
TS122,山西,002753.SZ
TS36,煤化工概念,002753.SZ
TS137,石墨烯,002753.SZ
TS139,含可转债,002753.SZ
TS402,北斗导航,002191.SZ
TS405,疫苗检测溯源,002191.SZ
TS257,区块链,002191.SZ
TS1,融资融券,002191.SZ
TS406,烟草,002191.SZ
TS106,标普道琼斯中国,002191.SZ
TS297,深股通,002191.SZ
TS407,免疫治疗,002191.SZ
TS2,转融券标的,002191.SZ
TS408,食品安全,002191.SZ
TS307,电子烟,002191.SZ
TS18,芯片概念,002191.SZ
TS308,深圳特区,002191.SZ
TS23,广东,002191.SZ
TS152,蚂蚁金服概念,002191.SZ
TS78,物联网,002191.SZ
TS102,纳入富时罗素,002191.SZ
TS409,包装印刷概念,002191.SZ
TS156,军工,002451.SZ
TS282,风电概念,002451.SZ
TS1,融资融券,002451.SZ
TS71,5G概念,002451.SZ
TS30,上海,002451.SZ
TS2,转融券标的,002451.SZ
TS114,充电桩,002451.SZ
TS334,供应链金融,002451.SZ
TS88,参股新三板,002451.SZ
TS44,昨日涨停,002451.SZ
TS75,上海自贸区,002451.SZ
TS280,创投,002451.SZ
TS208,债转股,002451.SZ
TS181,股权转让,002451.SZ
TS245,北交所,002451.SZ
TS66,智能电网,002451.SZ
TS156,军工,002451.SZ
TS282,风电概念,002451.SZ
TS1,融资融券,002451.SZ
TS71,5G概念,002451.SZ
TS30,上海,002451.SZ
TS2,转融券标的,002451.SZ
TS114,充电桩,002451.SZ
TS334,供应链金融,002451.SZ
TS88,参股新三板,002451.SZ
TS44,昨日涨停,002451.SZ
TS75,上海自贸区,002451.SZ
TS280,创投,002451.SZ
TS208,债转股,002451.SZ
TS181,股权转让,002451.SZ
TS245,北交所,002451.SZ
TS66,智能电网,002451.SZ
TS156,军工,002331.SZ
TS154,集成电路概念,002331.SZ
TS296,电子信息,002331.SZ
TS257,区块链,002331.SZ
TS275,车联网,002331.SZ
TS293,举牌概念,002331.SZ
TS74,智慧城市,002331.SZ
TS181,股权转让,002331.SZ
TS410,ETC,002331.SZ
TS178,航空运输概念,002331.SZ
TS47,无人驾驶,002331.SZ
TS346,智能交通,002331.SZ
TS78,物联网,002331.SZ
TS40,安徽,002331.SZ
TS80,汽车整车,000868.SZ
TS169,华为汽车,000868.SZ
TS411,PPP模式,000868.SZ
TS81,燃料电池概念,000868.SZ
TS47,无人驾驶,000868.SZ
TS24,新能源车,000868.SZ
TS73,摘帽,000868.SZ
TS44,昨日涨停,000868.SZ
TS14,华为概念,000868.SZ
TS68,昨日连板,000868.SZ
TS40,安徽,000868.SZ
TS109,山东,002355.SZ
TS1,融资融券,002355.SZ
TS71,5G概念,002355.SZ
TS169,华为汽车,002355.SZ
TS2,转融券标的,002355.SZ
TS307,电子烟,002355.SZ
TS24,新能源车,002355.SZ
TS275,车联网,002355.SZ
TS202,3D打印,002355.SZ
TS88,参股新三板,002355.SZ
TS44,昨日涨停,002355.SZ
TS153,参股民营银行,002355.SZ
TS41,汽车零部件概念,002355.SZ
TS181,股权转让,002355.SZ
TS356,工业大麻,002355.SZ
TS47,无人驾驶,002355.SZ
TS264,大数据,002355.SZ
TS68,昨日连板,002355.SZ
TS412,EDR概念,002355.SZ
TS413,生态农业,002565.SZ
TS1,融资融券,002565.SZ
TS30,上海,002565.SZ
TS2,转融券标的,002565.SZ
TS414,土壤修复,002565.SZ
TS356,工业大麻,002565.SZ
TS307,电子烟,002565.SZ
TS409,包装印刷概念,002565.SZ
TS415,电梯概念,002689.SZ
TS282,风电概念,002689.SZ
TS341,航空发动机,002689.SZ
TS313,机器视觉,002689.SZ
TS183,辽宁,002689.SZ
TS141,工业互联网,002689.SZ
TS3,工业4.0,002689.SZ
TS39,人工智能,002689.SZ
TS5,机器人概念,002689.SZ
TS63,光伏概念,301266.SZ
TS1,融资融券,301266.SZ
TS98,铜概念,301266.SZ
TS2,转融券标的,301266.SZ
TS17,新股与次新股,301266.SZ
TS6,江苏,301266.SZ
TS224,免税店概念,000524.SZ
TS177,粤港澳自贸区,000524.SZ
TS23,广东,000524.SZ
TS416,户外用品,000524.SZ
TS220,旅游概念,000524.SZ
TS397,在线旅游,000524.SZ
TS417,激光雷达,300552.SZ
TS418,电子车牌,300552.SZ
TS410,ETC,300552.SZ
TS76,边缘计算,300552.SZ
TS47,无人驾驶,300552.SZ
TS275,车联网,300552.SZ
TS346,智能交通,300552.SZ
TS74,智慧城市,300552.SZ
TS21,传感器,300552.SZ
TS14,华为概念,300552.SZ
TS19,北京,300552.SZ
TS71,5G概念,003021.SZ
TS169,华为汽车,003021.SZ
TS309,高送转,003021.SZ
TS297,深股通,003021.SZ
TS272,智能家居,003021.SZ
TS23,广东,003021.SZ
TS24,新能源车,003021.SZ
TS5,机器人概念,003021.SZ
TS15,小米概念,003021.SZ
TS14,华为概念,003021.SZ
TS80,汽车整车,000625.SZ
TS325,共享经济,000625.SZ
TS106,标普道琼斯中国,000625.SZ
TS219,证金持股,000625.SZ
TS419,大央企重组,000625.SZ
TS81,燃料电池概念,000625.SZ
TS24,新能源车,000625.SZ
TS275,车联网,000625.SZ
TS298,元宇宙,000625.SZ
TS420,足球概念,000625.SZ
TS43,重庆,000625.SZ
TS221,北向大额买入,000625.SZ
TS138,宁德时代概念,000625.SZ
TS421,军工集团,000625.SZ
TS42,成渝特区,000625.SZ
TS171,百度概念,000625.SZ
TS422,超级电容,000625.SZ
TS39,人工智能,000625.SZ
TS47,无人驾驶,000625.SZ
TS179,MSCI概念,000625.SZ
TS27,AB股,000625.SZ
TS168,蔚来汽车概念,000625.SZ
TS1,融资融券,000625.SZ
TS169,华为汽车,000625.SZ
TS297,深股通,000625.SZ
TS2,转融券标的,000625.SZ
TS294,新能源,000625.SZ
TS164,国企改革,000625.SZ
TS22,锂电池概念,000625.SZ
TS4,股权激励,000625.SZ
TS102,纳入富时罗素,000625.SZ
TS1,融资融券,002460.SZ
TS93,有色金属概念,002460.SZ
TS106,标普道琼斯中国,002460.SZ
TS2,转融券标的,002460.SZ
TS297,深股通,002460.SZ
TS307,电子烟,002460.SZ
TS24,新能源车,002460.SZ
TS10,特斯拉,002460.SZ
TS423,锂概念,002460.SZ
TS368,江西,002460.SZ
TS7,高价股,002460.SZ
TS294,新能源,002460.SZ
TS385,锂矿,002460.SZ
TS424,固态电池,002460.SZ
TS94,新材料,002460.SZ
TS124,储能概念,002460.SZ
TS22,锂电池概念,002460.SZ
TS425,盐湖提锂,002460.SZ
TS131,AH股,002460.SZ
TS179,MSCI概念,002460.SZ
TS102,纳入富时罗素,002460.SZ
TS387,钴概念,002460.SZ
TS89,无线耳机,002460.SZ
TS1,融资融券,300910.SZ
TS2,转融券标的,300910.SZ
TS297,深股通,300910.SZ
TS128,河南,300910.SZ
TS102,纳入富时罗素,300910.SZ
TS41,汽车零部件概念,300611.SZ
TS0,专精特新,300611.SZ
TS46,股份回购,300611.SZ
TS10,特斯拉,300611.SZ
TS20,浙江,300611.SZ
TS139,含可转债,300611.SZ
TS134,触摸屏概念,300545.SZ
TS16,半导体产业,300545.SZ
TS3,工业4.0,300545.SZ
TS320,超高清视频,300545.SZ
TS18,芯片概念,300545.SZ
TS308,深圳特区,300545.SZ
TS25,汽车电子概念,300545.SZ
TS322,柔性屏,300545.SZ
TS13,苹果概念,300545.SZ
TS14,华为概念,300545.SZ
TS63,光伏概念,300545.SZ
TS313,机器视觉,300545.SZ
TS23,广东,300545.SZ
TS11,手机产业,300545.SZ
TS135,OLED,300545.SZ
TS321,富士康概念,300545.SZ
TS139,含可转债,300545.SZ
TS426,MiniLED,300545.SZ
TS90,钨概念,002610.SZ
TS257,区块链,002610.SZ
TS1,融资融券,002610.SZ
TS411,PPP模式,002610.SZ
TS106,标普道琼斯中国,002610.SZ
TS2,转融券标的,002610.SZ
TS297,深股通,002610.SZ
TS24,新能源车,002610.SZ
TS161,碳交易,002610.SZ
TS294,新能源,002610.SZ
TS63,光伏概念,002610.SZ
TS87,太阳能概念,002610.SZ
TS22,锂电池概念,002610.SZ
TS336,能源互联网,002610.SZ
TS167,碳中和,002610.SZ
TS102,纳入富时罗素,002610.SZ
TS237,HJT/HIT电池,002610.SZ
TS146,BIPV概念(光伏建筑一体化),002610.SZ
TS6,江苏,002610.SZ
TS247,金融科技,002610.SZ
TS280,创投,300543.SZ
TS124,储能概念,300543.SZ
TS22,锂电池概念,300543.SZ
TS23,广东,300543.SZ
TS272,智能家居,300543.SZ
TS308,深圳特区,300543.SZ
TS139,含可转债,300543.SZ
TS156,军工,002760.SZ
TS372,壳资源概念,002760.SZ
TS368,江西,002760.SZ
TS132,白马股,002760.SZ
TS282,风电概念,300712.SZ
TS257,区块链,300712.SZ
TS191,福建,300712.SZ
TS297,深股通,300712.SZ
TS114,充电桩,300712.SZ
TS141,工业互联网,300712.SZ
TS143,基建,300712.SZ
TS67,特高压,300712.SZ
TS138,宁德时代概念,300712.SZ
TS232,数据中心,300712.SZ
TS280,创投,300712.SZ
TS63,光伏概念,300712.SZ
TS124,储能概念,300712.SZ
TS427,电力物联网,300712.SZ
TS213,核电概念,300712.SZ
TS65,一带一路,300712.SZ
TS428,抽水蓄能,300712.SZ
TS1,融资融券,300973.SZ
TS297,深股通,300973.SZ
TS23,广东,300973.SZ
TS100,食品饮料概念,300973.SZ
TS2,转融券标的,300973.SZ
TS4,股权激励,300973.SZ
TS102,纳入富时罗素,300973.SZ
TS103,社保重仓,300973.SZ
