Ts_code,Holder_name,Holder_amount,Hold_ratio
688017.SH,左昱昱,2455.9,20.4
688017.SH,左晶,2455.9,20.4
688017.SH,先进制造产业投资基金(有限合伙),922,7.66
688017.SH,孙雪珍,806.94,6.7
688017.SH,上海谱润创业投资合伙企业(有限合伙),635.2,5.27
688017.SH,中国工商银行股份有限公司-东方红启恒三年持有期混合型证券投资基金,449.33,3.73
688017.SH,许霖杰,313.3,2.6
688017.SH,苏州方广二期创业投资合伙企业(有限合伙),212.5,1.76
688017.SH,UBS AG,157.43,1.31
688017.SH,摩根资产管理(新加坡)有限公司-摩根中国A股市场机会基金,145.4,1.21
688157.SH,长沙茂松科技有限公司,3848.8,48.35
688157.SH,长沙松源企业管理咨询合伙企业(有限合伙),622.6,7.82
688157.SH,颜耀凡,213.14,2.68
688157.SH,伍松,212.25,2.67
688157.SH,杨波,169.8,2.13
688157.SH,戴林成,158.6,1.99
688157.SH,招商银行股份有限公司-睿远成长价值混合型证券投资基金,115.89,1.46
688157.SH,王卫国,99.17,1.25
688157.SH,招商银行股份有限公司-交银施罗德新成长混合型证券投资基金,97.04,1.22
688157.SH,中国工商银行股份有限公司-申万菱信新经济混合型证券投资基金,90.13,1.13
688047.SH,北京天童芯源科技有限公司,8631.61,21.53
688047.SH,北京中科算源资产管理有限公司,7747.75,19.32
688047.SH,宁波中科百孚股权投资合伙企业(有限合伙),5165.17,12.88
688047.SH,横琴利禾博股权投资基金(有限合伙),3615.62,9.02
688047.SH,北京工业发展投资管理有限公司,2582.58,6.44
688047.SH,深圳芯龙投资合伙企业(有限合伙),1749.76,4.36
688047.SH,宁波鼎晖祁贤股权投资合伙企业(有限合伙),1749.76,4.36
688047.SH,北京天童芯正科技发展中心(有限合伙),1291.29,3.22
688047.SH,上海鼎晖华蕴创业投资中心(有限合伙),1291.29,3.22
688047.SH,北京天童芯源投资管理中心(有限合伙),1291.29,3.22
688320.SH,王项彬,2238.07,14.82
688320.SH,Alpha Achieve Limited,1536.38,10.17
688320.SH,衢州禾川投资管理中心(有限合伙),1391.99,9.22
688320.SH,项亨会,1091.57,7.23
688320.SH,龙游联龙股权投资基金合伙企业(有限合伙),782.61,5.18
688320.SH,魏中浩,669.76,4.44
688320.SH,深圳市达晨晨鹰二号股权投资企业(有限合伙),645.44,4.27
688320.SH,徐晓杰,458.6,3.04
688320.SH,中金禾川1号员工参与科创板战略配售集合资产管理计划,377.6,2.5
688320.SH,张家港国弘智能制造投资企业(有限合伙),344.22,2.28
688325.SH,东莞市伟途投资管理合伙企业(有限合伙),1761.06,22.01
688325.SH,上海武岳峰集成电路股权投资合伙企业(有限合伙),977.87,12.22
688325.SH,上海物联网二期创业投资基金合伙企业(有限合伙),579.04,7.24
688325.SH,苏州邦盛赢新创业投资企业(有限合伙),567.46,7.09
688325.SH,珠海市聚核投资合伙企业(有限合伙),480,6
688325.SH,北京武岳峰亦合高科技产业投资合伙企业(有限合伙),334.89,4.19
688325.SH,东莞市微合投资管理合伙企业(有限合伙),264.25,3.3
688325.SH,上海岭观企业管理合伙企业(有限合伙),241.12,3.01
688325.SH,深圳市前海弘盛技术有限公司,210.58,2.63
688325.SH,深圳市毕方一号投资中心(有限合伙),205.27,2.57
688533.SH,苏州上声投资管理有限公司,4200,26.25
688533.SH,共青城同泰投资管理合伙企业(有限合伙),3000,18.75
688533.SH,苏州市相城区元和街道集体资产经营公司,2899.2,18.12
688533.SH,苏州市相城区无线电元件一厂,1900.8,11.88
688533.SH,东吴证券-招商银行-东吴证券上声电子员工参与科创板战略配售集合资产管理计划,400,2.5
688533.SH,全国社保基金一一六组合,128.74,0.8
688533.SH,中国银行股份有限公司-泰达宏利转型机遇股票型证券投资基金,119.32,0.75
688533.SH,东吴创新资本管理有限责任公司,111.95,0.7
688533.SH,中国银行股份有限公司-国联安优选行业混合型证券投资基金,93.16,0.58
688533.SH,中国银行股份有限公司-平安匠心优选混合型证券投资基金,88.92,0.56
600272.SH,上海开开(集团)有限公司,6440.98,26.51
600272.SH,上海静安国有资产经营有限公司,600,2.47
600272.SH,上海金兴贸易公司,300,1.23
600272.SH,HAITONG INTERNATIONAL SECURITIES COMPANY LIMITED-ACCOUNT CLIENT,101.01,0.42
600272.SH,上海九百(集团)有限公司,88,0.36
600272.SH,BOCI SECURITIES LIMITED,86.27,0.36
600272.SH,王镇霖,75.86,0.31
600272.SH,姜毓萍,75.38,0.31
600272.SH,周博,69.7,0.29
600272.SH,顾琴华,65.36,0.27
601101.SH,北京能源集团有限责任公司,75967.8,63.31
601101.SH,中国中煤能源集团有限公司,2231.43,1.86
601101.SH,北京久阳润泉资本管理中心(有限合伙)-润泉东方2期私募证券投资基金,644.15,0.54
601101.SH,招商证券股份有限公司-建信中小盘先锋股票型证券投资基金,623.42,0.52
601101.SH,招商银行股份有限公司-中欧红利优享灵活配置混合型证券投资基金,585.4,0.49
601101.SH,中国农业银行股份有限公司-中邮核心优势灵活配置混合型证券投资基金,502.5,0.42
601101.SH,中欧基金-农业银行-中国太平洋人寿股票相对收益型产品(保额分红)委托投资计划,465.62,0.39
601101.SH,中国工商银行股份有限公司-申万菱信新动力混合型证券投资基金,463.69,0.39
601101.SH,中国银行股份有限公司-招商中证煤炭等权指数分级证券投资基金,457.56,0.38
601101.SH,中国银行股份有限公司-建信创新驱动混合型证券投资基金,423.94,0.35
603656.SH,许大红,5660.32,36.89
603656.SH,葛苏徽,903.52,5.89
603656.SH,颜天信,892.37,5.82
603656.SH,唐麟,809.68,5.28
603656.SH,天津海达创业投资管理有限公司,381.86,2.49
603656.SH,郭芃,317.32,2.07
603656.SH,上海万钲祥金属材料有限公司,175.19,1.14
603656.SH,上海君翼投资管理有限公司-君翼量化2号基金,149.06,0.97
603656.SH,吴建同,99.71,0.65
603656.SH,黄慧丽,83.9,0.55
603758.SH,YUANMING TANG,28799.82,65.63
603758.SH,上海祥禾泓安股权投资合伙企业(有限合伙),755.22,1.72
603758.SH,唐梓长,685,1.56
603758.SH,上海泓成创业投资合伙企业(有限合伙),511.32,1.17
603758.SH,上海祥禾涌安股权投资合伙企业(有限合伙),488.46,1.11
603758.SH,张于书,394.86,0.9
603758.SH,张华鸣,360,0.82
603758.SH,唐亚东,330.53,0.75
603758.SH,罗小川,245,0.56
603758.SH,杨力,239.87,0.55
603319.SH,许仲秋,3138.71,19.54
603319.SH,许文慧,1240.96,7.73
603319.SH,国泰基金-交通银行-国泰基金博远20号集合资产管理计划,317.56,1.98
603319.SH,中国建设银行股份有限公司-信达澳银新能源产业股票型证券投资基金,277.28,1.73
603319.SH,周勇,271.37,1.69
603319.SH,袁春华,261.99,1.63
603319.SH,王雄,243.44,1.52
603319.SH,国泰基金-上海银行-国泰基金格物2号集合资产管理计划,229.68,1.43
603319.SH,上海国际信托有限公司,177.1,1.1
603319.SH,王静,165.36,1.03
605050.SH,崔建华,12781,29.38
605050.SH,上海人科投资管理合伙企业(有限合伙),12375,28.45
605050.SH,上海傅桐企业管理咨询合伙企业(有限合伙),4500,10.34
605050.SH,崔建兵,3195,7.34
605050.SH,上海行盛投资合伙企业(有限合伙),3150,7.24
605050.SH,许磊,135,0.31
605050.SH,许喆,103,0.24
605050.SH,李亮,82.05,0.19
605050.SH,邬瑞邦,55.6,0.13
605050.SH,王云法,48,0.11
600361.SH,北京华联集团投资控股有限公司,19419.6,29.17
600361.SH,海南亿雄商业投资管理有限公司,9024.83,13.55
600361.SH,洋浦万利通科技有限公司,7806.35,11.72
600361.SH,陈素青,802.63,1.21
600361.SH,北京华联商厦股份有限公司,354.9,0.53
600361.SH,孙海涛,335,0.5
600361.SH,沈成荣,257.51,0.39
600361.SH,周学红,249.55,0.37
600361.SH,李继芳,220.76,0.33
600361.SH,靖鸽,181.36,0.27
600829.SH,哈药集团股份有限公司,43389.44,74.82
600829.SH,方韶军,452.73,0.78
600829.SH,UBS AG,365.85,0.63
600829.SH,姚志平,170.69,0.29
600829.SH,吴爱德,110,0.19
600829.SH,黄菊霞,107.5,0.19
600829.SH,中国民生银行股份有限公司-金元顺安元启灵活配置混合型证券投资基金,107.13,0.18
600829.SH,中国国际金融香港资产管理有限公司-客户资金2,100.15,0.17
600829.SH,付银凤,75.54,0.13
600829.SH,李晨,74,0.13
603530.SH,上海神马电力控股有限公司,27000,62.46
603530.SH,陈小琴,9000,20.82
603530.SH,南通苏通集成电路重大产业项目投资基金合伙企业(有限合伙),759.88,1.76
603530.SH,南通产业控股集团有限公司,379.94,0.88
603530.SH,国网英大产业投资基金管理有限公司-龙岩鑫达股权投资中心(有限合伙),227.96,0.53
603530.SH,沈行迪,31.25,0.07
603530.SH,MORGAN STANLEY & CO. INTERNATIONAL PLC.,31.01,0.07
603530.SH,管仲,27.11,0.06
603530.SH,黄林娟,23.72,0.05
603530.SH,郑明滨,22.5,0.05
603322.SH,梁建华,4903.5,30.62
603322.SH,横琴广金美好基金管理有限公司-广金美好薛定谔二号私募证券投资基金,900,5.62
603322.SH,孟迪丽,814.55,5.09
603322.SH,广州诚信创业投资有限公司,694.81,4.34
603322.SH,邱晓华,660.89,4.13
603322.SH,天津久德长盛股权投资基金合伙企业(有限合伙),335.89,2.1
603322.SH,钟海辉,162.11,1.01
603322.SH,万军,153.4,0.96
603322.SH,王浩,104.98,0.66
603322.SH,铸锋资产管理(北京)有限公司-铸锋纯钧6号私募证券投资基金,98.9,0.62
600213.SH,潍柴(扬州)亚星汽车有限公司,17820,62.31
600213.SH,胡祖平,509.09,1.78
600213.SH,周岭松,180.51,0.63
600213.SH,吴春燕,160.7,0.56
600213.SH,孙浩喃,86.25,0.3
600213.SH,赵爽,84.11,0.29
600213.SH,孙丽,65.33,0.23
600213.SH,揭凯,65,0.23
600213.SH,许春凤,65,0.23
600213.SH,琚泽平,63.66,0.22
600513.SH,江苏联环药业集团有限公司,10871.85,37.75
600513.SH,国药集团药业股份有限公司,375.21,1.3
600513.SH,UBS AG,313.92,1.09
600513.SH,上海意定投资管理有限公司-上海意志坚定1期全天候证券投资基金,220,0.76
600513.SH,淮海天玺投资管理有限公司,174.99,0.61
600513.SH,张颖,128.51,0.45
600513.SH,吴吉林,105.24,0.37
600513.SH,贺国平,103.76,0.36
600513.SH,陈峰,101.63,0.35
600513.SH,翁焕钧,83.29,0.29
603330.SH,李哲龙,7726.82,32.5
603330.SH,李明健,3025.84,12.73
603330.SH,朴艺峰,1178.93,4.96
603330.SH,中国银行股份有限公司-华夏行业景气混合型证券投资基金,658.19,2.77
603330.SH,李顺玉,322.65,1.36
603330.SH,上海天洋热熔粘接材料股份有限公司-第一期员工持股计划,277.14,1.17
603330.SH,华夏基金-信泰人寿保险股份有限公司-分红产品-华夏基金-信泰人寿1号单一资产管理计划,233.55,0.98
603330.SH,李铁山,164.54,0.69
603330.SH,田文玉,160.52,0.68
603330.SH,马为民,147.35,0.62
600259.SH,广东省稀土产业集团有限公司,12937.25,38.45
600259.SH,刘益谦,762.05,2.27
600259.SH,广东省广晟控股集团有限公司,694.62,2.06
600259.SH,陈国奇,336.41,1
600259.SH,张建飞,267.92,0.8
600259.SH,济南江山投资合伙企业(有限合伙),248.08,0.74
600259.SH,长城证券股份有限公司,248.08,0.74
600259.SH,中国国际金融股份有限公司,200.73,0.6
600259.SH,UBS AG,189.71,0.56
600259.SH,济南瀚祥投资管理合伙企业(有限合伙),173.65,0.52
603527.SH,封全虎,8373.73,34.34
603527.SH,阮纪友,3067,12.58
603527.SH,上海科惠股权投资中心(有限合伙),1423.08,5.84
603527.SH,王金雷,1031.14,4.23
603527.SH,吴平,648.2,2.66
603527.SH,李明军,477.52,1.96
603527.SH,周丽,392,1.61
603527.SH,陶昌梅,250,1.03
603527.SH,黎文章,178.56,0.73
603527.SH,深圳资瑞兴投资有限公司-资瑞兴成长私募证券投资基金,168.95,0.69
603051.SH,汪加胜,3411.16,37.07
603051.SH,韩丽娜,662.48,7.2
603051.SH,广州日信宝安新材料产业投资中心(有限合伙),375.04,4.08
603051.SH,西藏聚兰德股权投资合伙企业(有限合伙),328.94,3.58
603051.SH,广发乾和投资有限公司,272.5,2.96
603051.SH,广州市鹿山信息咨询有限公司,233.45,2.54
603051.SH,唐舫成,220.83,2.4
603051.SH,广州海汇成长创业投资中心(有限合伙),201.75,2.19
603051.SH,广州穗开股权投资有限公司,175.33,1.91
603051.SH,郑妙华,157.08,1.71
605499.SH,林木勤,19896.74,49.74
605499.SH,天津君正投资管理合伙企业(有限合伙),3600,9
605499.SH,深圳市鲲鹏投资发展合伙企业(有限合伙),2575.92,6.44
605499.SH,林戴钦,2088.59,5.22
605499.SH,林木港,2088.59,5.22
605499.SH,蔡运生,928.26,2.32
605499.SH,陈海明,696.2,1.74
605499.SH,李达文,510.54,1.28
605499.SH,深圳市东鹏远道投资发展合伙企业(有限合伙),473,1.18
605499.SH,陈义敏,357.38,0.89
603728.SH,上海鸣志投资管理有限公司,23556,56.06
603728.SH,新永恒公司,3714.57,8.84
603728.SH,刘晋平,1404,3.34
603728.SH,兴业银行股份有限公司-天弘永利债券型证券投资基金,684.48,1.63
603728.SH,安信证券资管-安信资管创赢21号单一资产管理计划,650.01,1.55
603728.SH,上海凯康投资管理有限公司,468,1.11
603728.SH,金宝德实业(香港)有限公司,390,0.93
603728.SH,香港中央结算有限公司,385.3,0.92
603728.SH,中国工商银行股份有限公司-东方主题精选混合型证券投资基金,285.62,0.68
603728.SH,中国工商银行股份有限公司-诺安灵活配置混合型证券投资基金,270,0.64
603779.SH,深圳市仕乾投资发展有限公司,7418.3,22.29
603779.SH,于是资本管理(深圳)有限公司-于是鑫诚一号私募证券投资基金,6257.19,18.8
603779.SH,中铁宝盈资产-平安银行-中铁宝盈-润金1号资产管理计划,2135.63,6.42
603779.SH,杨光第,2012.8,6.05
603779.SH,王安荣,716.5,2.15
603779.SH,无锡通达进出口贸易有限公司,652.5,1.96
603779.SH,卢智伟,636.17,1.91
603779.SH,华研数据股份有限公司,435,1.31
603779.SH,深圳市中世邦投资有限公司,335.06,1.01
603779.SH,唐艳茹,315.27,0.95
603097.SH,张孝金,8400,52.5
603097.SH,张孝保,1600,10
603097.SH,张晨晨,800,5
603097.SH,徐州市铜山区众和商务信息服务中心(有限合伙),405,2.53
603097.SH,徐州市铜山区久泰商务信息服务中心(有限合伙),395,2.47
603097.SH,张孝玉,200,1.25
603097.SH,张孝银,200,1.25
603097.SH,甬兴证券有限公司,20.51,0.13
603097.SH,中国建设银行股份有限公司企业年金计划-中国工商银行股份有限公司,0.54,0
603097.SH,中国石油化工集团公司企业年金计划-中国工商银行股份有限公司,0.5,0
600969.SH,郴州市发展投资集团有限公司,7448.34,20.13
600969.SH,汝城县水电有限责任公司,2915.4,7.88
600969.SH,宜章县电力有限责任公司,2210.17,5.97
600969.SH,永兴县水利电力有限责任公司,1206.77,3.26
600969.SH,永兴银都投资发展集团有限公司,1177.5,3.18
600969.SH,宁波宁聚资产管理中心(有限合伙)-融通5号证券投资基金,1050,2.84
600969.SH,临武县水利电力有限责任公司,680.94,1.84
600969.SH,湖南省国有投资经营有限公司,459.98,1.24
600969.SH,彭伟燕,249.63,0.67
600969.SH,李福林,207.54,0.56
600348.SH,华阳新材料科技集团有限公司,133492.26,55.51
600348.SH,香港中央结算有限公司,10390.16,4.32
600348.SH,张甲子,1585.01,0.66
600348.SH,基本养老保险基金一零零三组合,1563.55,0.65
600348.SH,中国银行股份有限公司-易方达资源行业混合型证券投资基金,1055.37,0.44
600348.SH,卢连丰,1001.83,0.42
600348.SH,中国工商银行股份有限公司-国泰中证煤炭交易型开放式指数证券投资基金,942.83,0.39
600348.SH,汇添富基金管理股份有限公司-社保基金1103组合,789.52,0.33
600348.SH,王爱军,763.45,0.32
600348.SH,侯博元,712.18,0.3
601717.SH,泓羿投资管理(河南)合伙企业(有限合伙),27719.54,15.58
601717.SH,河南机械装备投资集团有限责任公司,24321.42,13.67
601717.SH,HKSCC NOMINEES LIMITED,22075.58,12.41
601717.SH,河南资产管理有限公司,6920.92,3.89
601717.SH,中国工商银行股份有限公司-富国天惠精选成长混合型证券投资基金(LOF),4130.76,2.32
601717.SH,香港中央结算有限公司,3351.69,1.88
601717.SH,YITAI GROUP (HONG KONG) CO LIMITED,2239.92,1.26
601717.SH,中国工商银行股份有限公司-交银施罗德趋势优先混合型证券投资基金,1943.91,1.09
601717.SH,蒋仕波,1937.61,1.09
601717.SH,李俊,1900,1.07
605588.SH,张建巍,4583.33,62.7
605588.SH,镇江冠翔企业管理中心(有限合伙),225,3.08
605588.SH,上海祥禾涌原股权投资合伙企业(有限合伙),164.47,2.25
605588.SH,门芳芳,141.67,1.94
605588.SH,上海涌济铧创股权投资合伙企业(有限合伙),109.65,1.5
605588.SH,宁波梅山保税港区涌杰股权投资合伙企业(有限合伙),109.65,1.5
605588.SH,宁波泷新股权投资合伙企业(有限合伙),98.68,1.35
605588.SH,王顺利,50,0.68
605588.SH,任伟,47.94,0.66
605588.SH,刘津海,8.71,0.12
603917.SH,施良才,1832.64,11.69
603917.SH,樊开曙,1605.26,10.24
603917.SH,施元直,1461.55,9.32
603917.SH,杨位本,1268.32,8.09
603917.SH,上海岱熹投资管理有限公司-岱熹战略新兴产业成长一号私募证券投资基金,940.8,6
603917.SH,福州中青私募基金管理有限公司-中青新能源战略投资一号私募股权投资基金,784,5
603917.SH,樊开源,560,3.57
603917.SH,施定威,371.09,2.37
603917.SH,蔡振贤,273.67,1.75
603917.SH,李和义,206.89,1.32
603015.SH,RED FACTOR LIMITED,16113.14,39.86
603015.SH,宁波帮帮忙贸易有限公司,5950,14.72
603015.SH,一园科技股份有限公司,434.18,1.07
603015.SH,张淑文,290.39,0.72
603015.SH,嘉兴市秀洲区天丰小额贷款有限公司,235,0.58
603015.SH,韦红,132.14,0.33
603015.SH,梁世增,125.33,0.31
603015.SH,中国民生银行股份有限公司-金元顺安元启灵活配置混合型证券投资基金,110,0.27
603015.SH,宁波和圆投资管理合伙企业(有限合伙),84.54,0.21
603015.SH,阳光资产-工商银行-主动量化1号资产管理产品,70,0.17
688116.SH,TAO ZHENG,2350.75,10.12
688116.SH,共青城新奈共成投资管理合伙企业(有限合伙),961.7,4.14
688116.SH,镇江新奈智汇科技服务企业(有限合伙),902.33,3.89
688116.SH,招商银行股份有限公司-华夏上证科创板50成份交易型开放式指数证券投资基金,530.93,2.29
688116.SH,共青城日盛天宸投资合伙企业(有限合伙),483.76,2.08
688116.SH,MEIJIE ZHANG,477.27,2.06
688116.SH,中国邮政储蓄银行有限责任公司-东方增长中小盘混合型开放式证券投资基金,450.8,1.94
688116.SH,江苏今创投资经营有限公司,389.76,1.68
688116.SH,深圳新宙邦科技股份有限公司,384.85,1.66
688116.SH,上海浦东发展银行股份有限公司-景顺长城新能源产业股票型证券投资基金,357.69,1.54
600477.SH,单银木,90471.38,38.19
600477.SH,国泰君安证券股份有限公司,2935.6,1.24
600477.SH,陆拥军,2624.67,1.11
600477.SH,交通银行股份有限公司-广发中证基建工程交易型开放式指数证券投资基金,2357.35,1
600477.SH,张振勇,2203.77,0.93
600477.SH,浙江国泰建设集团有限公司,2180.54,0.92
600477.SH,陈辉,1812.55,0.77
600477.SH,UBS AG,1619.27,0.68
600477.SH,陈素琴,1517.39,0.64
600477.SH,单际华,1490.49,0.63
603239.SH,李起富,12780,47.21
603239.SH,金桂云,3420,12.63
603239.SH,邵学军,1800,6.65
603239.SH,青岛伟晟投资管理股份有限公司-伟晟新坐标五号私募证券投资基金,178.93,0.66
603239.SH,上海季胜投资管理有限公司-季胜中玺伍号私募证券投资基金,171.73,0.63
603239.SH,凌花,103.68,0.38
603239.SH,屠伟敏,82.26,0.3
603239.SH,占家建,64.88,0.24
603239.SH,屠华敏,64.74,0.24
603239.SH,陶鹏宇,62.73,0.23
601886.SH,北京江河源控股有限公司,31564.52,27.35
601886.SH,刘载望,28930.79,25.07
601886.SH,天津江河汇众企业管理合伙企业(有限合伙),15613.76,13.53
601886.SH,北京城建集团有限责任公司,2724,2.36
601886.SH,交通银行股份有限公司-广发中证基建工程交易型开放式指数证券投资基金,657.42,0.57
601886.SH,中国农业银行-华夏平稳增长混合型证券投资基金,531.33,0.46
601886.SH,深圳市万顺通资产管理有限公司-万顺通13号私募证券投资基金,500.01,0.43
601886.SH,中国工商银行股份有限公司-交银施罗德趋势优先混合型证券投资基金,445.8,0.39
601886.SH,刘风莲,400,0.35
601886.SH,华泰金融控股(香港)有限公司-自有资金,350.32,0.3
600378.SH,中国昊华化工集团股份有限公司,59019.81,64.21
600378.SH,盈投控股有限公司,6132.38,6.67
600378.SH,国新投资有限公司,4680.41,5.09
600378.SH,国家军民融合产业投资基金有限责任公司,3785,4.12
600378.SH,中国农业银行股份有限公司-大成新锐产业混合型证券投资基金,1482.63,1.61
600378.SH,广发证券股份有限公司-大成睿景灵活配置混合型证券投资基金,957.74,1.04
600378.SH,中国华融资产管理股份有限公司,881.66,0.96
600378.SH,中国建设银行股份有限公司-银华富裕主题混合型证券投资基金,745.75,0.81
600378.SH,全国社保基金一一三组合,675.48,0.73
600378.SH,中国银行股份有限公司-大成景气精选六个月持有期混合型证券投资基金,595.89,0.65
600418.SH,安徽江淮汽车集团控股有限公司,61540.07,28.18
600418.SH,建投投资有限责任公司,9738.77,4.46
600418.SH,安徽省国有资本运营控股集团有限公司,9398.86,4.3
600418.SH,合肥市国有资产控股有限公司,7372.69,3.38
600418.SH,安徽省财政厅,3654.09,1.67
600418.SH,安徽省铁路发展基金股份有限公司,3281.55,1.5
600418.SH,上海浦东发展银行股份有限公司-景顺长城新能源产业股票型证券投资基金,2405.61,1.1
600418.SH,宁波银行股份有限公司-景顺长城成长龙头一年持有期混合型证券投资基金,1474.06,0.67
600418.SH,中信证券股份有限公司,1111.58,0.51
600418.SH,陈维恩,1021.43,0.47
688621.SH,利虔,2206.95,27.59
688621.SH,刘宇晶,433.37,5.42
688621.SH,杭州方汭投资合伙企业(有限合伙),285.23,3.57
688621.SH,邵妍,240,3
688621.SH,托新权,240,3
688621.SH,珠海景祥资本管理有限公司-佛山市景祥创利股权投资合伙企业(有限合伙),202.5,2.53
688621.SH,兴证证券资管-杭州银行-兴证资管鑫众阳光诺和1号员工战略配售集合资产管理计划,200,2.5
688621.SH,杭州凯泰民德投资合伙企业(有限合伙),184,2.3
688621.SH,民生证券投资有限公司,164.42,2.06
688621.SH,广州广发信德一期健康产业投资企业(有限合伙),160.78,2.01
688097.SH,苏州众二股权投资合伙企业(有限合伙),15472.8,38.44
688097.SH,江苏博众智能科技集团有限公司,12967.2,32.22
688097.SH,苏州众之三股权投资合伙企业(有限合伙),1080,2.68
688097.SH,苏州众十投资合伙企业(有限合伙),1080,2.68
688097.SH,苏州众一投资管理合伙企业(有限合伙),1080,2.68
688097.SH,苏州众之八股权投资合伙企业(有限合伙),720,1.79
688097.SH,苏州众之七股权投资合伙企业(有限合伙),720,1.79
688097.SH,苏州众六投资合伙企业(有限合伙),720,1.79
688097.SH,招银国际资本管理(深圳)有限公司-招银成长贰号投资(深圳)合伙企业(有限合伙),523.64,1.3
688097.SH,广东美的智能科技产业投资基金管理中心(有限合伙),360,0.89
600165.SH,上海中能企业发展(集团)有限公司,20000,29.2
600165.SH,冯量,2152.76,3.14
600165.SH,陈豪进,2094.58,3.06
600165.SH,南京银行股份有限公司-博时优质鑫选一年持有期混合型证券投资基金,821.18,1.2
600165.SH,上海迎水投资管理有限公司-迎水合力17号私募证券投资基金,786.11,1.15
600165.SH,全国社保基金一一一组合,739.87,1.08
600165.SH,王嘉昕,610.3,0.89
600165.SH,深圳永冠基金管理有限公司-永冠新瑞1号私募证券投资基金,600,0.88
600165.SH,王嘉杰,566.28,0.83
600165.SH,郑浩敏,545.53,0.8
600004.SH,广东省机场管理集团有限公司,135374.46,57.2
600004.SH,香港中央结算有限公司,7816.37,3.3
600004.SH,信泰人寿保险股份有限公司-传统产品,2176.58,0.92
600004.SH,UBS AG,2082.8,0.88
600004.SH,华夏人寿保险股份有限公司-自有资金,2069.3,0.87
600004.SH,平安安赢股票型养老金产品-中国银行股份有限公司,1976.61,0.84
600004.SH,平安资产-工商银行-平安资产如意28号保险资产管理产品,1630.92,0.69
600004.SH,中国建设银行股份有限公司-华安国企改革主题灵活配置混合型证券投资基金,1517.89,0.64
600004.SH,挪威中央银行-自有资金,1370.41,0.58
600004.SH,安本标准投资管理(亚洲)有限公司-安本标准-中国A股股票基金,1257.83,0.53
601001.SH,晋能控股煤业集团有限公司,96163.25,57.46
601001.SH,河北港口集团有限公司,2659.21,1.59
601001.SH,中国工商银行股份有限公司-广发多因子灵活配置混合型证券投资基金,2653.73,1.59
601001.SH,中国工商银行股份有限公司-广发瑞誉一年持有期混合型证券投资基金,1170.51,0.7
601001.SH,中国农业银行股份有限公司-大成新锐产业混合型证券投资基金,948.15,0.57
601001.SH,法国兴业银行,623.1,0.37
601001.SH,恒大人寿保险有限公司-分红B,603.04,0.36
601001.SH,广发证券股份有限公司-大成睿景灵活配置混合型证券投资基金,564.4,0.34
601001.SH,肖志,554.75,0.33
601001.SH,中国银行股份有限公司-大成景气精选六个月持有期混合型证券投资基金,548.93,0.33
603399.SH,宁波炬泰投资管理有限公司,17384.01,34.19
603399.SH,上海钢石股权投资有限公司,5351.64,10.52
603399.SH,华融融达期货-陕国投·聚宝盆66号证券投资集合资金信托计划-华信金玉一号定向资产管理计划,5200.16,10.23
603399.SH,深圳永冠基金管理有限公司-永冠新瑞1号私募证券投资基金,800,1.57
603399.SH,潘非,668.51,1.31
603399.SH,陈伟浩,600,1.18
603399.SH,"JPMORGAN CHASE BANK,NATIONAL ASSOCIATION",455.89,0.9
603399.SH,高冠男,299.8,0.59
603399.SH,罗胜男,184.96,0.36
603399.SH,李竹清,181.65,0.36
688037.SH,沈阳先进制造技术产业有限公司,1433.24,15.5
688037.SH,中国科学院沈阳自动化研究所,1050,11.36
688037.SH,辽宁科发实业有限公司,993.28,10.74
688037.SH,中国科技产业投资管理有限公司,511.5,5.53
688037.SH,周冰冰,291.98,3.16
688037.SH,宗润福,267.1,2.89
688037.SH,易方达基金管理有限公司,243.79,2.64
688037.SH,中信证券青岛城投金控2号单一资产管理计划,160.91,1.74
688037.SH,李风莉,141.5,1.53
688037.SH,招商银行股份有限公司-银河创新成长混合型证券投资基金,113.32,1.23
603966.SH,金红萍,6821.4,22.71
603966.SH,陶峰华,4194.81,13.97
603966.SH,上海志享投资管理有限公司,3903.86,13
603966.SH,刘健,591.48,1.97
603966.SH,王新革,418.14,1.39
603966.SH,马云霞,338.26,1.13
603966.SH,沈菊林,309.94,1.03
603966.SH,钱雨松,198.29,0.66
603966.SH,张玲珑,183.23,0.61
603966.SH,何小春,133,0.44
600686.SH,福建省汽车工业集团有限公司,23122.78,32.25
600686.SH,福建省投资开发集团有限责任公司,7575.76,10.57
600686.SH,福建省交通运输集团有限责任公司,3402.25,4.74
600686.SH,洪泽君,3370,4.7
600686.SH,福建建工集团有限责任公司,1118.5,1.56
600686.SH,福建省能源集团有限责任公司,1012.63,1.41
600686.SH,华润深国投信托有限公司-泽熙1期单一资金信托,1000.96,1.4
600686.SH,福建省电子信息(集团)有限责任公司,990,1.38
600686.SH,福建省国有资产管理有限公司,843.6,1.18
600686.SH,保宁资本有限公司-保宁新兴市场基金(美国),751.98,1.05
688630.SH,程卓,3678.75,30.45
688630.SH,合肥亚歌半导体科技合伙企业(有限合伙),1260,10.43
688630.SH,景宁顶擎电子科技合伙企业(有限合伙),798.07,6.61
688630.SH,苏州中和春生三号投资中心(有限合伙),500,4.14
688630.SH,合肥康同股权投资合伙企业(有限合伙),461.29,3.82
688630.SH,上海聚源聚芯集成电路产业股权投资基金中心(有限合伙),364.37,3.02
688630.SH,海通资管汇享芯碁微装员工战略配售集合资产管理计划,302.02,2.5
688630.SH,合肥市创新科技风险投资有限公司,259.92,2.15
688630.SH,国投(宁波)科技成果转化创业投资基金合伙企业(有限合伙),236.34,1.96
688630.SH,深圳市启赋国隆中小微企业股权投资基金合伙企业(有限合伙),222.65,1.84
603345.SH,福建国力民生科技发展有限公司,9319.06,31.77
603345.SH,香港中央结算有限公司,1603.19,5.47
603345.SH,刘鸣鸣,1548.61,5.28
603345.SH,张清苗,847.4,2.89
603345.SH,安联环球投资新加坡有限公司-安联神州A股基金(交易所),694.33,2.37
603345.SH,黄清松,388.69,1.33
603345.SH,黄建联,377.02,1.29
603345.SH,UBS AG,340.79,1.16
603345.SH,中国工商银行股份有限公司-财通资管价值成长混合型证券投资基金,331.44,1.13
603345.SH,中国建设银行股份有限公司-汇添富消费行业混合型证券投资基金,320,1.09
603688.SH,陈士斌,9953.77,28.19
603688.SH,富腾发展有限公司,8199,23.22
603688.SH,邵静,1124.8,3.19
603688.SH,陈培荣,674,1.91
603688.SH,中国建设银行股份有限公司-易方达环保主题灵活配置混合型证券投资基金,533.23,1.51
603688.SH,全国社保基金四一四组合,386.57,1.09
603688.SH,招商银行股份有限公司-睿远成长价值混合型证券投资基金,370.24,1.05
603688.SH,招商银行股份有限公司-易方达智造优势混合型证券投资基金,357.89,1.01
603688.SH,招商银行股份有限公司-汇添富中盘积极成长混合型证券投资基金,357.27,1.01
603688.SH,中国建设银行股份有限公司-华商智能生活灵活配置混合型证券投资基金,301.79,0.85
603317.SH,邓文,48772.2,64.67
603317.SH,唐璐,7830,10.38
603317.SH,中国工商银行股份有限公司-景顺长城新兴成长混合型证券投资基金,1176,1.56
603317.SH,中国银行股份有限公司-景顺长城鼎益混合型证券投资基金(LOF),588.01,0.78
603317.SH,香港中央结算有限公司,492.98,0.65
603317.SH,中国农业银行股份有限公司-交银施罗德成长混合型证券投资基金,335.87,0.45
603317.SH,唐鸣,290.27,0.38
603317.SH,中国建设银行股份有限公司-交银施罗德蓝筹混合型证券投资基金,248.1,0.33
603317.SH,浙江浙盐控股有限公司,210.53,0.28
603317.SH,中国农业银行股份有限公司-景顺长城内需增长贰号混合型证券投资基金,176.4,0.23
600026.SH,中国海运集团有限公司,153692.46,32.27
600026.SH,HKSCC NOMINEES LIMITED,128604.29,27
600026.SH,中国远洋海运集团有限公司,61942.62,13.01
600026.SH,中央汇金资产管理有限责任公司,9074.23,1.91
600026.SH,大连船舶重工集团有限公司,8595.99,1.8
600026.SH,香港中央结算有限公司,6594.28,1.38
600026.SH,中国建设银行股份有限公司-中欧新蓝筹灵活配置混合型证券投资基金,4490.39,0.94
600026.SH,沪东中华造船(集团)有限公司,4297.99,0.9
600026.SH,兴业银行股份有限公司-中欧新趋势股票型证券投资基金(LOF),3044.7,0.64
600026.SH,中国工商银行股份有限公司-中欧时代先锋股票型发起式证券投资基金,2563.01,0.54
603517.SH,上海聚成企业发展合伙企业(有限合伙),20795.18,33.83
603517.SH,上海慧功企业发展合伙企业(有限合伙),4924.39,8.01
603517.SH,香港中央结算有限公司,2530.66,4.12
603517.SH,上海成广企业发展合伙企业(有限合伙),1688.43,2.75
603517.SH,上海福博企业发展合伙企业(有限合伙),1539.8,2.5
603517.SH,中国工商银行股份有限公司-东方红启恒三年持有期混合型证券投资基金,966.5,1.57
603517.SH,招商银行股份有限公司-兴全合润混合型证券投资基金,664.04,1.08
603517.SH,招商银行股份有限公司-兴全合宜灵活配置混合型证券投资基金(LOF),614.28,1
603517.SH,林芝腾讯科技有限公司,608.6,0.99
603517.SH,唐颖,500.08,0.81
605117.SH,宁波梅山保税港区艾思睿投资管理有限公司,6480.64,37.97
605117.SH,张和君,4096,24
605117.SH,上海金浦创新消费股权投资基金(有限合伙),448,2.62
605117.SH,宁波梅山保税港区亨丽投资管理合伙企业(有限合伙),431.36,2.53
605117.SH,宁波华桐恒泰创业投资合伙企业(有限合伙),320,1.87
605117.SH,张晖,320,1.87
605117.SH,杭州龙蠡投资管理有限公司-宁波梅山保税港区德帆投资合伙企业(有限合伙),256,1.5
605117.SH,香港中央结算有限公司,137.27,0.8
605117.SH,周玉平,130.65,0.77
605117.SH,陆亚珠,128,0.75
603737.SH,洪杰,25227.23,67.02
603737.SH,香港中央结算有限公司,4493.74,11.94
603737.SH,三棵树涂料股份有限公司-第五期员工持股计划,1294.78,3.44
603737.SH,三棵树涂料股份有限公司-第四期员工持股计划,980.99,2.61
603737.SH,富达基金(香港)有限公司-客户资金,350.36,0.93
603737.SH,挪威中央银行-自有资金,312.54,0.83
603737.SH,MERRILL LYNCH INTERNATIONAL,229.32,0.61
603737.SH,法国巴黎银行-自有资金,183.83,0.49
603737.SH,交通银行-融通行业景气证券投资基金,128.12,0.34
603737.SH,林丽忠,116.3,0.31
605376.SH,宁波广弘元创业投资合伙企业(有限合伙),5155.38,19.71
605376.SH,宁波众智聚成创业投资合伙企业(有限合伙),2202.9,8.42
605376.SH,新辉投资控股有限公司,2176.8,8.32
605376.SH,宁波申扬创业投资合伙企业(有限合伙),1800,6.88
605376.SH,陈钢强,1699.92,6.5
605376.SH,雅戈尔投资有限公司,720,2.75
605376.SH,尚融宝盈(宁波)投资中心(有限合伙),671.4,2.57
605376.SH,招商银行股份有限公司-睿远成长价值混合型证券投资基金,603.07,2.31
605376.SH,宁波辰智卓新股权投资合伙企业(有限合伙),523.9,2
605376.SH,香港中央结算有限公司,506.16,1.93
603032.SH,德力西新疆投资集团有限公司,8000,47.81
603032.SH,新疆维吾尔自治区国有资产投资经营有限责任公司,1404.58,8.39
603032.SH,郑智仙,833.6,4.98
603032.SH,丁炳芝,658.59,3.94
603032.SH,冯建,248.83,1.49
603032.SH,何怡,246.43,1.47
603032.SH,中国银行股份有限公司-鹏华汇智优选混合型证券投资基金,236.28,1.41
603032.SH,中国银行股份有限公司-鹏华高质量增长混合型证券投资基金,185.3,1.11
603032.SH,付海民,160.55,0.96
603032.SH,中国建设银行股份有限公司-鹏华价值优势混合型证券投资基金(LOF),133.24,0.8
600647.SH,信达投资有限公司,5660.65,40.68
600647.SH,国华人寿保险股份有限公司-传统一号,534.82,3.84
600647.SH,广州市玄元投资管理有限公司-玄元科新39号私募证券投资基金,267.33,1.92
600647.SH,光大嘉宝股份有限公司,245.7,1.77
600647.SH,余文光,226.96,1.63
600647.SH,钟馨,220,1.58
600647.SH,李健,176.54,1.27
600647.SH,陈辉,163.89,1.18
600647.SH,齐广胜,154.6,1.11
600647.SH,黄晓颖,83.24,0.6
600328.SH,中盐吉兰泰盐化集团有限公司,51698.21,53.98
600328.SH,中国建设银行股份有限公司-浙商丰利增强债券型证券投资基金,1000,1.04
600328.SH,南京银行股份有限公司-博时优质鑫选一年持有期混合型证券投资基金,513.36,0.54
600328.SH,兴证全球基金-中国人寿保险股份有限公司-分红险-兴证全球基金国寿股份均衡股票型组合单一资产管理计划,407.87,0.43
600328.SH,平安基金-中国平安人寿保险股份有限公司-分红-个险分红-平安人寿-平安基金权益委托投资2号单一资产管理计划,397.71,0.42
600328.SH,兴全基金-农业银行-中国太平洋人寿保险-中国太平洋人寿股票主动管理型产品(个分红)委托投资,352.56,0.37
600328.SH,麦荣伙,340.37,0.36
600328.SH,兴证全球基金-浦发银行-兴全浦金集合资产管理计划,317.85,0.33
600328.SH,兴全基金-兴业银行-兴业证券股份有限公司,311.07,0.32
600328.SH,吴志明,303.9,0.32
600841.SH,上海汽车集团股份有限公司,78304.68,47.99
600841.SH,重庆机电控股(集团)公司,17578.22,10.77
600841.SH,西藏瑞华资本管理有限公司,4449.39,2.73
600841.SH,中国银河证券股份有限公司,1796.44,1.1
600841.SH,无锡威孚高科技集团股份有限公司,1298.76,0.8
600841.SH,共青城胜恒投资管理有限公司-胜恒九重风控策略1期私募股权投资基金,1290.32,0.79
600841.SH,南京钢铁联合有限公司,1112.35,0.68
600841.SH,中国人寿资管-中国银行-国寿资产-PIPE2020保险资产管理产品,1112.35,0.68
600841.SH,郭伟松,1101.22,0.67
600841.SH,刘志强,866.78,0.53
600761.SH,安徽叉车集团有限责任公司,28315.45,38.25
600761.SH,香港上海汇丰银行有限公司,3672.89,4.96
600761.SH,洪泽君,3650,4.93
600761.SH,中央汇金资产管理有限责任公司,2127,2.87
600761.SH,MERRILL LYNCH INTERNATIONAL,912.78,1.23
600761.SH,MORGAN STANLEY & CO.INTERNATIONAL PLC.,814.48,1.1
600761.SH,富达基金(香港)有限公司-客户资金,761.21,1.03
600761.SH,中欧基金-农业银行-中欧中证金融资产管理计划,644.02,0.87
600761.SH,银华基金-农业银行-银华中证金融资产管理计划,617.27,0.83
600761.SH,洪涛,613,0.83
688662.SH,刘富林,1980.09,22.44
688662.SH,刘富坤,1295.15,14.68
688662.SH,绰丰投资有限公司,708.04,8.02
688662.SH,联升投资有限公司,628.8,7.13
688662.SH,共青城富乐投资管理合伙企业(有限合伙),330,3.74
688662.SH,广东弘德投资管理有限公司-广东弘德恒顺新材料创业投资合伙企业(有限合伙),314.4,3.56
688662.SH,中金公司-建设银行-中金新锐股票型集合资产管理计划,303.07,3.43
688662.SH,东升国际发展有限公司,301.82,3.42
688662.SH,温耀生,160.89,1.82
688662.SH,共青城地泽投资管理合伙企业(有限合伙),125.76,1.43
603192.SH,上海汇得企业集团有限公司,3800,35.63
603192.SH,颜群,2400,22.5
603192.SH,上海湛然股权投资管理合伙企业(有限合伙),1300,12.19
603192.SH,上海涌腾股权投资管理合伙企业(有限合伙),500,4.69
603192.SH,中国工商银行股份有限公司-华安安康灵活配置混合型证券投资基金,126.97,1.19
603192.SH,国信证券股份有限公司-华夏中证500指数智选增强型证券投资基金,117.68,1.1
603192.SH,中国农业银行股份有限公司-华夏中证500指数增强型证券投资基金,110.11,1.03
603192.SH,全国社保基金一一一组合,104.83,0.98
603192.SH,兴业银行股份有限公司-圆信永丰优加生活股票型证券投资基金,86.01,0.81
603192.SH,兴业银行股份有限公司-圆信永丰兴诺一年持有期灵活配置混合型证券投资基金,70,0.66
603800.SH,江苏道森投资有限公司,8143.2,39.15
603800.SH,宝业机械公司,5428.8,26.1
603800.SH,范江海,365.83,1.76
603800.SH,北京世纪网宇电子科技发展有限公司,249.77,1.2
603800.SH,苏州科创投资咨询有限公司,203,0.98
603800.SH,韩淑新,130.02,0.63
603800.SH,张俊英,96.1,0.46
603800.SH,田振华,94.6,0.45
603800.SH,刘海艳,92.04,0.44
603800.SH,朱赛花,87.97,0.42
688356.SH,XUAN ZHAO,1486.66,24.78
688356.SH,吴凯庭,914.58,15.24
688356.SH,刘慧民,627.82,10.46
688356.SH,朱飞鸿,237.43,3.96
688356.SH,上海曼路创业投资合伙企业(有限合伙),141.32,2.36
688356.SH,北京天逸希慧投资管理中心(有限合伙),141.1,2.35
688356.SH,渤海银行股份有限公司-中信建投医改灵活配置混合型证券投资基金,134.4,2.24
688356.SH,北京键业腾飞企业管理咨询中心(有限合伙),129.91,2.17
688356.SH,招商银行股份有限公司-汇添富医疗服务灵活配置混合型证券投资基金,91.66,1.53
688356.SH,Shuimu Development Limited,85.57,1.43
688577.SH,高长泉,1297.67,24.04
688577.SH,高兆春,933.59,17.3
688577.SH,郭秀华,660.43,12.24
688577.SH,玉环虎贲投资合伙企业(有限合伙),350,6.48
688577.SH,玉环高兴投资管理有限公司,217.84,4.04
688577.SH,南华基金-招商证券-南华基金鑫升1号集合资产管理计划,178.35,3.3
688577.SH,高雅萍,160.1,2.97
688577.SH,沈祥龙,141.21,2.62
688577.SH,叶茂杨,139.89,2.59
688577.SH,徐宝春,121,2.24
601888.SH,中国旅游集团有限公司,104064.27,53.3
601888.SH,香港中央结算有限公司,19094.85,9.78
601888.SH,中国证券金融股份有限公司,5844.29,2.99
601888.SH,中国工商银行股份有限公司-景顺长城新兴成长混合型证券投资基金,2079.08,1.06
601888.SH,潘斐莲,1851,0.95
601888.SH,中国人寿保险股份有限公司-传统-普通保险产品-005L-CT001沪,1436.8,0.74
601888.SH,陈发树,1301.36,0.67
601888.SH,梁瑞安,1243.53,0.64
601888.SH,中央汇金资产管理有限责任公司,1184.82,0.61
601888.SH,戴穗如,970,0.5
600188.SH,山东能源集团有限公司,226304.73,45.73
600188.SH,香港中央结算(代理人)有限公司,189796.34,38.35
600188.SH,香港中央结算有限公司,3291.51,0.67
600188.SH,招商银行股份有限公司-上证红利交易型开放式指数证券投资基金,2919.65,0.59
600188.SH,全国社保基金一零一组合,1332.25,0.27
600188.SH,全国社保基金四一六组合,1304.32,0.26
600188.SH,汇添富基金管理股份有限公司-社保基金1103组合,930.34,0.19
600188.SH,中国银行股份有限公司-易方达供给改革灵活配置混合型证券投资基金,902.78,0.18
600188.SH,汇添富基金-中国人寿保险股份有限公司-分红险-汇添富基金国寿股份成长股票型组合单一资产管理计划(可供出售),827.09,0.17
600188.SH,招商证券股份有限公司-建信中小盘先锋股票型证券投资基金,817.76,0.17
600496.SH,精工控股集团(浙江)投资有限公司,30000,14.9
600496.SH,精工控股集团有限公司,23706.96,11.78
600496.SH,六安市产业投资发展有限公司,4378.22,2.18
600496.SH,交通银行股份有限公司-广发中证基建工程交易型开放式指数证券投资基金,2509.41,1.25
600496.SH,友邦人寿保险有限公司-分红,1663.6,0.83
600496.SH,华夏人寿保险股份有限公司-分红-个险分红,1651.23,0.82
600496.SH,交通银行-华夏蓝筹核心混合型证券投资基金(LOF),1280.25,0.64
600496.SH,中国建设银行股份有限公司-兴全多维价值混合型证券投资基金,1261.6,0.63
600496.SH,中国建设银行股份有限公司-华夏兴和混合型证券投资基金,1035.01,0.51
600496.SH,招商银行股份有限公司-华夏鸿阳6个月持有期混合型证券投资基金,920.77,0.46
600841.SH,上海汽车集团股份有限公司,78304.68,47.99
600841.SH,重庆机电控股(集团)公司,17578.22,10.77
600841.SH,西藏瑞华资本管理有限公司,4449.39,2.73
600841.SH,中国银河证券股份有限公司,1796.44,1.1
600841.SH,无锡威孚高科技集团股份有限公司,1298.76,0.8
600841.SH,共青城胜恒投资管理有限公司-胜恒九重风控策略1期私募股权投资基金,1290.32,0.79
600841.SH,南京钢铁联合有限公司,1112.35,0.68
600841.SH,中国人寿资管-中国银行-国寿资产-PIPE2020保险资产管理产品,1112.35,0.68
600841.SH,郭伟松,1101.22,0.67
600841.SH,刘志强,866.78,0.53
603289.SH,杭州泰德瑞克投资管理有限公司,12812.64,43.33
603289.SH,TEDERIC TECHNOLOGY LIMITED,4176.88,14.12
603289.SH,郑建国,3000,10.14
603289.SH,海通开元投资有限公司,512,1.73
603289.SH,Green Seed Capital Ltd,241.61,0.82
603289.SH,舟山悦海伟祺投资合伙企业(有限合伙),180,0.61
603289.SH,华泰证券股份有限公司,89.9,0.3
603289.SH,何忠意,83.47,0.28
603289.SH,乐春华,80,0.27
603289.SH,虞廷田,64.63,0.22
600546.SH,山西煤炭进出口集团有限公司,114800.63,57.91
600546.SH,UBS AG,1592.76,0.8
600546.SH,中国农业银行股份有限公司-大成新锐产业混合型证券投资基金,1173.73,0.59
600546.SH,泰康人寿保险有限责任公司-投连-行业配置,819.92,0.41
600546.SH,"JPMORGAN CHASE BANK,NATIONAL ASSOCIATION",748.45,0.38
600546.SH,上海紫阁投资管理有限公司-紫阁骏益1号私募证券投资基金,700,0.35
600546.SH,广发证券股份有限公司-大成睿景灵活配置混合型证券投资基金,674.29,0.34
600546.SH,MERRILL LYNCH INTERNATIONAL,646.52,0.33
600546.SH,中国工商银行股份有限公司-国泰中证煤炭交易型开放式指数证券投资基金,641.35,0.32
600546.SH,中欧基金-农业银行-中国太平洋人寿股票相对收益型产品(保额分红)委托投资计划,626.22,0.32
600084.SH,中信国安集团有限公司,38747.36,34.48
600084.SH,中信国安投资有限公司,11745.27,10.45
600084.SH,孙伟,5612,4.99
600084.SH,新疆生产建设兵团投资有限责任公司,4707.29,4.19
600084.SH,马秋丽,2927,2.6
600084.SH,熊劭春,2750.01,2.45
600084.SH,陈晔,755,0.67
600084.SH,韩亿阳,735,0.65
600084.SH,张玲,549.77,0.49
600084.SH,孙岩,478.54,0.43
600508.SH,中国中煤能源股份有限公司,45119.13,62.43
600508.SH,孟庆亮,910.48,1.26
600508.SH,上海宝钢国际经济贸易有限公司,557.27,0.77
600508.SH,温少如,542.61,0.75
600508.SH,中国银行股份有限公司-招商中证煤炭等权指数分级证券投资基金,449.87,0.62
600508.SH,吴建立,370.75,0.51
600508.SH,许雄葵,279,0.39
600508.SH,李侨,260.54,0.36
600508.SH,UBS AG,241.47,0.33
600508.SH,吕奎,178.86,0.25
603655.SH,戚建国,4500,42.45
603655.SH,范小凤,1200,11.32
603655.SH,常州市金坛君泰投资咨询有限公司,800,7.55
603655.SH,戚淦超,670,6.32
603655.SH,敬瑞华,98,0.92
603655.SH,杨怀旭,63,0.59
603655.SH,罗勇,49.3,0.47
603655.SH,董自力,31,0.29
603655.SH,齐晓东,29.72,0.28
603655.SH,李继梅,24.77,0.23
688185.SH,HKSCC NOMINEES LIMITED,9806.79,39.63
688185.SH,XUEFENG YU(宇学峰),1787.42,7.22
688185.SH,朱涛,1787.42,7.22
688185.SH,DONGXU QIU(邱东旭),1711.42,6.92
688185.SH,HELEN HUIHUA MAO(毛慧华),1633.42,6.6
688185.SH,先进制造产业投资基金(有限合伙),528.19,2.13
688185.SH,天津千益企业管理合伙企业(有限合伙),347.46,1.4
688185.SH,刘建法,333.67,1.35
688185.SH,天津千睿企业管理合伙企业(有限合伙),329.95,1.33
688185.SH,招商银行股份有限公司-华夏上证科创板50成份交易型开放式指数证券投资基金,204.8,0.83
603396.SH,李义升,5001.57,43.01
603396.SH,北京金辰映真企业管理合伙企业(有限合伙),535,4.6
603396.SH,杭虹,471.31,4.05
603396.SH,杨延,403.73,3.47
603396.SH,中国建设银行股份有限公司-前海开源公用事业行业股票型证券投资基金,143.44,1.23
603396.SH,中国银行股份有限公司-华泰柏瑞中证光伏产业交易型开放式指数证券投资基金,65.9,0.57
603396.SH,国信证券股份有限公司,55,0.47
603396.SH,中信建投证券股份有限公司-天弘中证光伏产业指数型发起式证券投资基金,45.67,0.39
603396.SH,中国银河证券股份有限公司,43.76,0.38
603396.SH,王明伦,32.28,0.28
603719.SH,宁波汉意投资管理合伙企业(有限合伙),14957.56,37.3
603719.SH,达永有限公司,12149.65,30.3
603719.SH,HH LPPZ(HK)Holdings Limited,1800.01,4.49
603719.SH,宁波良品投资管理有限公司,1197.01,2.99
603719.SH,珠海高瓴天达股权投资管理中心(有限合伙),779.65,1.94
603719.SH,宁波艾邦投资管理有限公司,554.15,1.38
603719.SH,宁波高瓴智远投资合伙企业(有限合伙),431.53,1.08
603719.SH,全国社保基金五零三组合,430,1.07
603719.SH,宁波汉宁倍好投资管理合伙企业(有限合伙),393.94,0.98
603719.SH,宁波汉亮奇好投资管理合伙企业(有限合伙),393.94,0.98
603719.SH,宁波汉林致好投资管理合伙企业(有限合伙),393.94,0.98
601995.SH,中央汇金投资有限责任公司,193615.57,40.11
601995.SH,香港中央结算(代理人)有限公司,190295.62,39.42
601995.SH,海尔集团(青岛)金盈控股有限公司,39850,8.26
601995.SH,中国投融资担保股份有限公司,12756.3,2.64
601995.SH,国新投资有限公司,1458.64,0.3
601995.SH,香港中央结算有限公司,1434.55,0.3
601995.SH,阿布达比投资局,1381.35,0.29
601995.SH,阿里巴巴(中国)网络技术有限公司,1375.77,0.28
601995.SH,全国社保基金一一八组合,1095.28,0.23
601995.SH,中国人寿保险股份有限公司-传统-普通保险产品-005L-CT001沪,1033.87,0.21
601975.SH,中国长江航运集团有限公司,135742.58,27.97
601975.SH,中国建设银行股份有限公司江苏省分行,33940.69,6.99
601975.SH,中国工商银行股份有限公司南京下关支行,18842.68,3.88
601975.SH,中国长城资产管理股份有限公司,13878.14,2.86
601975.SH,中信银行股份有限公司南京分行,12599.6,2.6
601975.SH,交通银行股份有限公司,7500,1.55
601975.SH,民生金融租赁股份有限公司,5012.88,1.03
601975.SH,南京银行股份有限公司,3873.54,0.8
601975.SH,平安银行股份有限公司,2926,0.6
601975.SH,中国农业银行股份有限公司-中证500交易型开放式指数证券投资基金,1854.84,0.38
600256.SH,新疆广汇实业投资(集团)有限责任公司,212778.52,32.41
600256.SH,新疆广汇实业投资(集团)有限责任公司-非公开发行2021年可交换公司债券(第三期)质押专户,23000,3.5
600256.SH,香港中央结算有限公司,22611.55,3.44
600256.SH,新疆广汇实业投资(集团)有限责任公司-非公开发行2021年可交换公司债券(第一期)质押专户,11078.95,1.69
600256.SH,新疆广汇实业投资(集团)有限责任公司-非公开发行2021年可交换公司债券(第二期)质押专户,9000,1.37
600256.SH,中国农业银行股份有限公司-大成新锐产业混合型证券投资基金,8712.29,1.33
600256.SH,新疆投资发展(集团)有限责任公司,6667.51,1.02
600256.SH,交通银行股份有限公司-汇丰晋信低碳先锋股票型证券投资基金,6441.03,0.98
600256.SH,交通银行-汇丰晋信动态策略混合型证券投资基金,5615.34,0.86
600256.SH,广发证券股份有限公司-大成睿景灵活配置混合型证券投资基金,5541.92,0.84
688577.SH,高长泉,1297.67,24.04
688577.SH,高兆春,933.59,17.3
688577.SH,郭秀华,660.43,12.24
688577.SH,玉环虎贲投资合伙企业(有限合伙),350,6.48
688577.SH,玉环高兴投资管理有限公司,217.84,4.04
688577.SH,南华基金-招商证券-南华基金鑫升1号集合资产管理计划,178.35,3.3
688577.SH,高雅萍,160.1,2.97
688577.SH,沈祥龙,141.21,2.62
688577.SH,叶茂杨,139.89,2.59
688577.SH,徐宝春,121,2.24
605488.SH,夏厚君,6723,55.18
605488.SH,嘉兴市进取投资管理合伙企业(有限合伙),900,7.39
605488.SH,涂大记,810,6.65
605488.SH,江叔福,567,4.65
605488.SH,郭桂莲,100.05,0.82
605488.SH,徐林峰,93.2,0.76
605488.SH,窦大勇,92.59,0.76
605488.SH,李耀邦,90,0.74
605488.SH,杨冉冉,54.33,0.45
605488.SH,方淑芬,40.77,0.33
600876.SH,HKSCC NOMINEES LIMITED,24913.88,38.59
600876.SH,中国洛阳浮法玻璃集团有限责任公司,11119.59,17.22
600876.SH,中建材玻璃新材料研究院集团有限公司,7029,10.89
600876.SH,深创投红土股权投资管理(深圳)有限公司-深创投制造业转型升级新材料基金(有限合伙),3885.38,6.02
600876.SH,凯盛科技集团有限公司,1940.04,3
600876.SH,中国农业银行股份有限公司-交银施罗德先进制造混合型证券投资基金,958.25,1.48
600876.SH,招商银行股份有限公司-交银施罗德均衡成长一年持有期混合型证券投资基金,734.26,1.14
600876.SH,中国建设银行股份有限公司-交银施罗德启明混合型证券投资基金,598.34,0.93
600876.SH,国改双百发展基金管理有限公司-科改策源(重庆)私募股权投资基金合伙企业(有限合伙),523.46,0.81
600876.SH,香港中央结算有限公司,490.27,0.76
601995.SH,中央汇金投资有限责任公司,193615.57,40.11
601995.SH,香港中央结算(代理人)有限公司,190295.62,39.42
601995.SH,海尔集团(青岛)金盈控股有限公司,39850,8.26
601995.SH,中国投融资担保股份有限公司,12756.3,2.64
601995.SH,国新投资有限公司,1458.64,0.3
601995.SH,香港中央结算有限公司,1434.55,0.3
601995.SH,阿布达比投资局,1381.35,0.29
601995.SH,阿里巴巴(中国)网络技术有限公司,1375.77,0.28
601995.SH,全国社保基金一一八组合,1095.28,0.23
601995.SH,中国人寿保险股份有限公司-传统-普通保险产品-005L-CT001沪,1033.87,0.21
600592.SH,漳州市九龙江集团有限公司,15123.38,37.85
600592.SH,国机资产管理有限公司,1421.93,3.56
600592.SH,胡红丹,685.82,1.72
600592.SH,俞旭斐,660,1.65
600592.SH,张鹏,464.06,1.16
600592.SH,上海七王资产管理有限公司-七王瑞德2号证券投资基金,432.8,1.08
600592.SH,陈能依,382.73,0.96
600592.SH,邱信富,376.7,0.94
600592.SH,周丽萍,282.52,0.71
600592.SH,周志刚,249.98,0.63
601975.SH,中国长江航运集团有限公司,135742.58,27.97
601975.SH,中国建设银行股份有限公司江苏省分行,33940.69,6.99
601975.SH,中国工商银行股份有限公司南京下关支行,18842.68,3.88
601975.SH,中国长城资产管理股份有限公司,13878.14,2.86
601975.SH,中信银行股份有限公司南京分行,12599.6,2.6
601975.SH,交通银行股份有限公司,7500,1.55
601975.SH,民生金融租赁股份有限公司,5012.88,1.03
601975.SH,南京银行股份有限公司,3873.54,0.8
601975.SH,平安银行股份有限公司,2926,0.6
601975.SH,中国农业银行股份有限公司-中证500交易型开放式指数证券投资基金,1854.84,0.38
600070.SH,富润控股集团有限公司,10127.34,19.4
600070.SH,浙江诸暨惠风创业投资有限公司,2524.73,4.84
600070.SH,江有归,1224.35,2.35
600070.SH,付海鹏,953.57,1.83
600070.SH,YU NAN,387.49,0.74
600070.SH,金萍,341.53,0.65
600070.SH,浙江瓯联创业投资有限公司,323,0.62
600070.SH,盛雪萍,304.82,0.58
600070.SH,韩耀君,301.61,0.58
600070.SH,财通证券资管-甘肃上峰水泥股份有限公司-财通证券资管智汇82号单一资产管理计划,300.94,0.58
603116.SH,红蜻蜓集团有限公司,25147.22,43.64
603116.SH,钱金波,5633.98,9.78
603116.SH,金银宽,2077.34,3.61
603116.SH,钱秀芬,1680.2,2.92
603116.SH,陈铭海,1384.89,2.4
603116.SH,广州市玄元投资管理有限公司-玄元科新162号私募证券投资基金,1152,2
603116.SH,郑军,630.02,1.09
603116.SH,陈满仓,425.02,0.74
603116.SH,汪建斌,357.49,0.62
603116.SH,李忠康,327.6,0.57
603178.SH,宁波圣龙(集团)有限公司,12872.74,54.45
603178.SH,宁波禹舜商贸有限公司,1029.41,4.35
603178.SH,宁波圣达尔投资合伙企业(有限合伙),800,3.38
603178.SH,罗力成,514.71,2.18
603178.SH,西藏瑞华资本管理有限公司,407.35,1.72
603178.SH,陈雅卿,386.03,1.63
603178.SH,招商银行股份有限公司-汇添富策略增长两年封闭运作灵活配置混合型证券投资基金,228.7,0.97
603178.SH,中国建设银行股份有限公司-万家科创主题3年封闭运作灵活配置混合型证券投资基金,166.42,0.7
603178.SH,柴静蓉,160.11,0.68
603178.SH,中国建设银行股份有限公司-博时主题行业混合型证券投资基金(LOF),119.81,0.51
600276.SH,江苏恒瑞医药集团有限公司,153818.42,24.11
600276.SH,西藏达远企业管理有限公司,95275.23,14.94
600276.SH,香港中央结算有限公司,57101.17,8.95
600276.SH,连云港恒创医药科技有限公司,31011.21,4.86
600276.SH,中国医药投资有限公司,26234.42,4.11
600276.SH,连云港市金融控股集团有限公司,18653.47,2.92
600276.SH,中国证券金融股份有限公司,9539.98,1.5
600276.SH,中央汇金资产管理有限责任公司,5811.12,0.91
600276.SH,中国工商银行股份有限公司-中欧医疗健康混合型证券投资基金,3494.74,0.55
600276.SH,交通银行股份有限公司-易方达上证50指数增强型证券投资基金,3294.4,0.52
688045.SH,谢朋村,1276.61,18.49
688045.SH,苑成军,721.43,10.45
688045.SH,苏州方广二期创业投资合伙企业(有限合伙),714.3,10.34
688045.SH,深圳市凯维思企业管理中心(有限合伙),500.2,7.24
688045.SH,深圳市卡维斯特企业管理中心(有限合伙),463.39,6.71
688045.SH,张波,428.57,6.21
688045.SH,深圳市卡纬特企业管理中心(有限合伙),331.23,4.8
688045.SH,湖北小米长江产业基金合伙企业(有限合伙),225,3.26
688045.SH,喻辉洁,214.29,3.1
688045.SH,深圳美凯山河企业管理咨询合伙企业(有限合伙),178.66,2.59
600545.SH,江苏金昇实业股份有限公司,88975.97,46.94
600545.SH,卓郎智能技术股份有限公司回购专用证券账户,10750.08,5.67
600545.SH,国开金融有限责任公司,6177.84,3.26
600545.SH,江苏华泰战略新兴产业投资基金(有限合伙),4968.89,2.62
600545.SH,常州和合投资合伙企业(有限合伙),3851.31,2.03
600545.SH,乌鲁木齐国有资产经营(集团)有限公司,3007.25,1.59
600545.SH,深圳市龙鼎数铭股权投资合伙企业(有限合伙),1810.36,0.96
600545.SH,华山投资有限公司,1661.26,0.88
600545.SH,上海永钧股权投资合伙企业(有限合伙),1661.16,0.88
600545.SH,常州合众投资合伙企业(有限合伙),1132.48,0.6
603256.SH,远益国际有限公司,65840.5,74.45
603256.SH,UNICORN ACE LIMITED,2880.52,3.26
603256.SH,SHARP TONE INTERNATIONAL LIMITED,2880.52,3.26
603256.SH,INTEGRITY LINK LIMITED,2469.02,2.79
603256.SH,毛嘉明,311.07,0.35
603256.SH,钱世英,214.12,0.24
603256.SH,朱彬,199.98,0.23
603256.SH,张尚民,184.8,0.21
603256.SH,杜甫,172.3,0.19
603256.SH,廖明雄,164.21,0.19
603236.SH,钱鹏鹤,3307.99,22.76
603236.SH,宁波移远投资合伙企业(有限合伙),1092,7.51
603236.SH,香港中央结算有限公司,313.46,2.16
603236.SH,上海行知创业投资有限公司,290.16,2
603236.SH,任晗熙,240.43,1.65
603236.SH,上海重阳战略投资有限公司-重阳战略聚智基金,237.69,1.64
603236.SH,上海浦东发展银行股份有限公司-易方达裕祥回报债券型证券投资基金,236.36,1.63
603236.SH,重庆信展股权投资基金管理有限公司-重庆信展保达投资中心(有限合伙),208.8,1.44
603236.SH,葛卫东,200,1.38
603236.SH,中国工商银行股份有限公司-富国天惠精选成长混合型证券投资基金(LOF),200,1.38
688618.SH,深圳市七零年代控股有限公司,2000,39.58
688618.SH,熊伟,650,12.86
688618.SH,上海钜有管理咨询合伙企业(有限合伙),500,9.9
688618.SH,吴健,250,4.95
688618.SH,宁波梅山保税港区领慧达行投资管理合伙企业(有限合伙)-宁波梅山保税港区领慧投资合伙企业(有限合伙),139.4,2.76
688618.SH,袁自军,100,1.98
688618.SH,上海名鑫管理咨询合伙企业(有限合伙),97.22,1.92
688618.SH,中信建投证券-杭州银行-中信建投三旺通信科创板战略配售集合资产管理计划,75.91,1.5
688618.SH,中信建投投资有限公司,60.57,1.2
688618.SH,庄连美,43.62,0.86
688262.SH,宁波麒越股权投资基金合伙企业(有限合伙),2408.18,10.03
688262.SH,西藏津盛泰达创业投资有限公司,1941.48,8.09
688262.SH,国家集成电路产业投资基金股份有限公司,1553.06,6.47
688262.SH,郑茳,1320.61,5.5
688262.SH,肖佐楠,924.43,3.85
688262.SH,苏州国芯联创投资管理有限公司,923.83,3.85
688262.SH,张迪新,862.96,3.6
688262.SH,天津天创华鑫现代服务产业创业投资合伙企业(有限合伙),791.26,3.3
688262.SH,宁波嘉信佳禾股权投资基金合伙企业(有限合伙),708.14,2.95
688262.SH,孙力生,531.58,2.21
603133.SH,徐世中,6185.94,29.57
603133.SH,珠海金福源企业管理合伙企业(有限合伙),1610.27,7.7
603133.SH,杨军,1052,5.03
603133.SH,梁新民,259.67,1.24
603133.SH,钱文德,199.41,0.95
603133.SH,中鼎博文(北京)科技有限公司,156.3,0.75
603133.SH,孙锡林,149.3,0.71
603133.SH,胡国防,110,0.53
603133.SH,陈瑞华,103.64,0.5
603133.SH,段军有,98.26,0.47
603606.SH,宁波东方集团有限公司,21752.44,31.63
603606.SH,袁黎雨,5336.67,7.76
603606.SH,宁波华夏科技投资有限公司,2228.52,3.24
603606.SH,香港中央结算有限公司,2042.66,2.97
603606.SH,中国建设银行股份有限公司-东方红启东三年持有期混合型证券投资基金,1262.47,1.84
603606.SH,宁波经济技术开发区金帆投资有限公司,1083.38,1.58
603606.SH,交通银行股份有限公司-富国天益价值混合型证券投资基金,729.3,1.06
603606.SH,中国银行-华夏大盘精选证券投资基金,539.97,0.79
603606.SH,上海高毅资产管理合伙企业(有限合伙)-高毅晓峰2号致信基金,520.13,0.76
603606.SH,中国银行股份有限公司-华安研究智选混合型证券投资基金,400.76,0.58
603077.SH,四川和邦投资集团有限公司,196377.91,22.24
603077.SH,四川省盐业总公司,52435.92,5.94
603077.SH,贺正刚,41263.2,4.67
603077.SH,四川和邦生物科技股份有限公司-第二期员工持股计划,33103.62,3.75
603077.SH,杨联明,31402.65,3.56
603077.SH,香港中央结算有限公司,14329.71,1.62
603077.SH,西部利得基金-兴业银行-华鑫国际信托-华鑫信托·慧智投资77号集合资金信托计划,11387.98,1.29
603077.SH,西部利得基金-兴业银行-华鑫国际信托-华鑫信托·慧智投资78号集合资金信托计划,8119.21,0.92
603077.SH,高序磊,5030.63,0.57
603077.SH,赵勇,3943.5,0.45
301199.SZ,山东迈赫投资有限公司,7650,57.37
301199.SZ,潍坊赫力投资中心(有限合伙),1000,7.5
301199.SZ,徐烟田,750,5.62
301199.SZ,王绪平,450,3.37
301199.SZ,张韶辉,150,1.12
301199.SZ,华泰证券股份有限公司,12.11,0.09
301199.SZ,葛永辉,11.2,0.08
301199.SZ,林建勋,10.22,0.08
301199.SZ,郑春华,8.56,0.06
301199.SZ,张志利,8.44,0.06
300093.SZ,广东欧昊集团有限公司,4705.86,21.79
300093.SZ,何光雄,2160.5,10
300093.SZ,赵晓东,607.16,2.81
300093.SZ,金钰,370.95,1.72
300093.SZ,孙德香,333.02,1.54
300093.SZ,余保青,302.05,1.4
300093.SZ,杨时青,299,1.38
300093.SZ,郑卫清,268.52,1.24
300093.SZ,钱文祥,259.34,1.2
300093.SZ,金云华,248.56,1.15
300930.SZ,汪志荣,5728.13,57.28
300930.SZ,汪志春,1321.88,13.22
300930.SZ,杭州慈正股权投资合伙企业(有限合伙),450,4.5
300930.SZ,中国建设银行股份有限公司-信达澳银新能源产业股票型证券投资基金,177.84,1.78
300930.SZ,李霞,143.73,1.44
300930.SZ,上海浦东发展银行股份有限公司-信达澳银领先智选混合型证券投资基金,49.96,0.5
300930.SZ,中国建设银行股份有限公司-信达澳银匠心臻选两年持有期混合型证券投资基金,44.01,0.44
300930.SZ,平安基金-中国平安人寿保险股份有限公司-平安人寿-平安基金权益委托投资1号单一资产管理计划,42.5,0.43
300930.SZ,交通银行股份有限公司-信达澳银星奕混合型证券投资基金,34.84,0.35
300930.SZ,中国建设银行股份有限公司-信达澳银先进智造股票型证券投资基金,30.43,0.3
300113.SZ,华勇,24827.18,35.76
300113.SZ,李雪虹,2092.64,3.01
300113.SZ,杭州顺网科技股份有限公司回购专用证券账户,1553.57,2.24
300113.SZ,宁波梅山保税港区凌顶投资管理有限公司-凌顶望岳八号私募证券投资基金,1492.95,2.15
300113.SZ,香港中央结算有限公司,1435.79,2.07
300113.SZ,中信证券股份有限公司,1204.97,1.74
300113.SZ,杭州顺网科技股份有限公司-2021年员工持股计划,896.59,1.29
300113.SZ,上海子午投资管理有限公司-子午增强六号私募证券投资基金,690.03,0.99
300113.SZ,上海复熙资产管理有限公司-复熙混合20号私募证券投资基金,686.49,0.99
300113.SZ,中国工商银行股份有限公司-广发中证传媒交易型开放式指数证券投资基金,518.91,0.75
300707.SZ,张锡亮,3052.43,19.44
300707.SZ,钱光红,2068.35,13.17
300707.SZ,无锡博翱投资中心(有限合伙),1791.95,11.41
300707.SZ,兴瑞华祥控股有限公司,560,3.57
300707.SZ,苏州清研汽车产业创业投资企业(有限合伙),383.84,2.44
300707.SZ,无锡高新技术创业投资股份有限公司,341.73,2.18
300707.SZ,张海,182.32,1.16
300707.SZ,刘师林,154.53,0.98
300707.SZ,招商银行股份有限公司-海富通碳中和主题混合型证券投资基金,97.57,0.62
300707.SZ,中国民生银行股份有限公司-浙商聚潮新思维混合型证券投资基金,94.69,0.6
300799.SZ,张军,2357.73,23.09
300799.SZ,何朝晖,2232.27,21.86
300799.SZ,何培翛,765,7.49
300799.SZ,张漪楠,765,7.49
300799.SZ,湖州左江未来投资管理合伙企业(有限合伙),765,7.49
300799.SZ,王磊,161.71,1.58
300799.SZ,上海方圆达创投资合伙企业(有限合伙)-方圆-东方1号私募投资基金,102.81,1.01
300799.SZ,中国农业银行股份有限公司-长城久嘉创新成长灵活配置混合型证券投资基金,100,0.98
300799.SZ,中国建设银行股份有限公司-宝盈资源优选混合型证券投资基金,70.86,0.69
300799.SZ,张巍,68.85,0.67
300679.SZ,陈育宣,8596.05,20.41
300679.SZ,林德英,4299.55,10.21
300679.SZ,任俊江,2992.46,7.1
300679.SZ,朱义龙,2105.99,5
300679.SZ,孙慧明,1554.54,3.69
300679.SZ,王克明,1061.99,2.52
300679.SZ,朱旭,605,1.44
300679.SZ,杨燕灵,545.45,1.29
300679.SZ,潘晓辉,540.15,1.28
300679.SZ,张晓冰,469.3,1.11
300367.SZ,川投信息产业集团有限公司,14957.86,12.51
300367.SZ,刘光,9562.65,8
300367.SZ,蒋宗文,6351.93,5.31
300367.SZ,北方国际信托股份有限公司-北方信托盛世景新策略9号单一资金信托,1567.39,1.31
300367.SZ,高军,1517.49,1.27
300367.SZ,宋辉俊,911.47,0.76
300367.SZ,孙东利,680.3,0.57
300367.SZ,郭军,669.26,0.56
300367.SZ,王建军,640,0.54
300367.SZ,苗青,630,0.53
300027.SZ,王忠军,46840.41,16.88
300027.SZ,深圳市腾讯计算机系统有限公司,22036.35,7.94
300027.SZ,杭州阿里创业投资有限公司,12395.93,4.47
300027.SZ,马云,9978.28,3.6
300027.SZ,王忠磊,9295.7,3.35
300027.SZ,上海京岁企业管理合伙企业(有限合伙),4581,1.65
300027.SZ,昊泽致远(北京)投资管理有限公司-昊泽晨曦5号私募证券投资基金,3697.01,1.33
300027.SZ,鲁伟鼎,2798.83,1.01
300027.SZ,杨三宝,2592.48,0.93
300027.SZ,中国工商银行股份有限公司-广发中证传媒交易型开放式指数证券投资基金,2095.31,0.76
300801.SZ,程终发,10287.27,47.63
300801.SZ,上海复星创泓股权投资基金合伙企业(有限合伙),1510.92,7
300801.SZ,枣庄和生投资管理中心(有限合伙),1458,6.75
300801.SZ,程程,272.16,1.26
300801.SZ,李敬娟,272.16,1.26
300801.SZ,程霞,272.16,1.26
300801.SZ,王家庚,254.49,1.18
300801.SZ,雷空军,208.19,0.96
300801.SZ,周蕾,157,0.73
300801.SZ,丁爱萍,132.37,0.61
300400.SZ,吴限,7972.9,32.86
300400.SZ,兴业银行股份有限公司-博时汇兴回报一年持有期灵活配置混合型证券投资基金,769.99,3.17
300400.SZ,麦旺球,531.47,2.19
300400.SZ,主逵,508.49,2.1
300400.SZ,中国工商银行股份有限公司-博时信用债券投资基金,407.95,1.68
300400.SZ,麦容章,381.46,1.57
300400.SZ,邱子聪,373.5,1.54
300400.SZ,孙见清,370,1.52
300400.SZ,深圳市劲拓自动化设备股份有限公司-第一期员工持股计划,296.08,1.22
300400.SZ,邱佩娜,268.7,1.11
301073.SZ,吴启元,2932.31,36.41
301073.SZ,从波,1561.95,19.39
301073.SZ,施晨宁,829.24,10.3
301073.SZ,吴海浩,263.25,3.27
301073.SZ,中国农业银行股份有限公司-中邮核心优选混合型证券投资基金,150,1.86
301073.SZ,中国建设银行股份有限公司-华泰柏瑞富利灵活配置混合型证券投资基金,142.4,1.77
301073.SZ,中国工商银行股份有限公司-财通价值动量混合型证券投资基金,123.09,1.53
301073.SZ,徐汉杰,120,1.49
301073.SZ,中国工商银行股份有限公司-财通优势行业轮动混合型证券投资基金,118.84,1.48
301073.SZ,沈玮,87.75,1.09
300534.SZ,甘肃药业投资集团有限公司,9078.53,29.93
300534.SZ,甘肃生物产业创业投资基金有限公司,2157.58,7.11
300534.SZ,UBS AG,174.98,0.58
300534.SZ,康永红,168.12,0.55
300534.SZ,甘肃省国有资产投资集团有限公司,135.1,0.45
300534.SZ,洪棋新,126.83,0.42
300534.SZ,张金德,117,0.39
300534.SZ,中国建设银行股份有限公司-汇添富中证中药指数型发起式证券投资基金(LOF),105.06,0.35
300534.SZ,詹显财,100,0.33
300534.SZ,刘利洪,75.6,0.25
300032.SZ,金龙控股集团有限公司,13242.67,16.49
300032.SZ,李玲燕,3814.16,4.75
300032.SZ,杨海兵,3651.38,4.55
300032.SZ,孙捷宇,3430.84,4.27
300032.SZ,叶海华,3225.25,4.02
300032.SZ,前海开源基金-广发银行-方正东亚信托有限责任公司,2762.43,3.44
300032.SZ,中国长城资产管理股份有限公司,2458.56,3.06
300032.SZ,金美欧,2400.5,2.99
300032.SZ,上海迎水投资管理有限公司-迎水安枕飞天5号私募证券投资基金,1668,2.08
300032.SZ,龙荣春,1267.2,1.58
300842.SZ,史卫利,1930.27,19.3
300842.SZ,新疆TCL股权投资有限公司,880.51,8.81
300842.SZ,钱亚萍,666.19,6.66
300842.SZ,无锡尚辉嘉贸易合伙企业(有限合伙),491.92,4.92
300842.SZ,闫经梅,379.27,3.79
300842.SZ,深圳市富海新材二期创业投资基金合伙企业(有限合伙),345,3.45
300842.SZ,深圳市富海新材股权投资基金(有限合伙),300,3
300842.SZ,徐秋岚,168.18,1.68
300842.SZ,无锡迪银科贸易合伙企业(有限合伙),150.99,1.51
300842.SZ,秦皇岛宏兴钢铁有限公司,136.88,1.37
300613.SZ,西藏东方企慧投资有限公司,1911.85,15.9
300613.SZ,陈春梅,1616.2,13.44
300613.SZ,杨小奇,917.41,7.63
300613.SZ,云南朗瀚企业管理有限公司,865.33,7.2
300613.SZ,杰智控股有限公司,717.77,5.97
300613.SZ,龚传军,302.84,2.52
300613.SZ,中国工商银行股份有限公司-华安安康灵活配置混合型证券投资基金,170.95,1.42
300613.SZ,湖州灵视企业管理中心(有限合伙),167.1,1.39
300613.SZ,广州市玄元投资管理有限公司-玄元科新281号私募证券投资基金,161.87,1.35
300613.SZ,上海少薮派投资管理有限公司-少数派万象更新2号私募证券投资基金,156.52,1.3
300503.SZ,汤秀清,8672.68,28.34
300503.SZ,汤丽君,2811.47,9.19
300503.SZ,广西昊聚企业管理有限公司,1108.39,3.62
300503.SZ,文学义,405.13,1.32
300503.SZ,汤秀松,400.82,1.31
300503.SZ,昌戎投资管理(上海)有限公司-青岛昌戎投资管理合伙企业(有限合伙),267.9,0.88
300503.SZ,金华市裕恒资本管理有限责任公司-裕恒资本双龙一号私募证券投资基金,231.26,0.76
300503.SZ,安吉和泽管理咨询合伙企业(有限合伙),209.67,0.69
300503.SZ,赵伟,198,0.65
300503.SZ,雷群,153.73,0.5
300041.SZ,章锋,6443.89,14.95
300041.SZ,刘鹏,1452.99,3.37
300041.SZ,MORGAN STANLEY&CO.INTERNATIONAL PLC.,892.28,2.07
300041.SZ,邱世勋,877.8,2.04
300041.SZ,平安证券-吴正明-平安证券新创25号单一资产管理计划,823,1.91
300041.SZ,章力,808.86,1.88
300041.SZ,"JPMORGAN CHASE BANK,NATIONAL ASSOCIATION",659.85,1.53
300041.SZ,中国工商银行股份有限公司-广发瑞誉一年持有期混合型证券投资基金,549.87,1.28
300041.SZ,MERRILL LYNCH INTERNATIONAL,536.8,1.25
300041.SZ,湖北回天新材料股份有限公司-第二期员工持股计划,522.27,1.21
300307.SZ,宁波裕人智慧科技(集团)有限公司,13575.45,17.39
300307.SZ,裕人企业有限公司,12337.79,15.81
300307.SZ,徐松达,3902.7,5
300307.SZ,广微控股(珠海横琴)有限公司,3894.01,4.99
300307.SZ,刘少林,2910,3.73
300307.SZ,宁波创福投资合伙企业(有限合伙),1721.01,2.2
300307.SZ,宁波福裕投资合伙企业(有限合伙),1700,2.18
300307.SZ,孙平范,1170.01,1.5
300307.SZ,廖文峰,711.95,0.91
300307.SZ,中国国际金融(香港)有限公司-中金稳定收益专户,492.12,0.63
300325.SZ,德威投资集团有限公司,14144.19,14.06
300325.SZ,苏州蓝壹创业投资有限公司,1222.75,1.22
300325.SZ,孙文生,559.67,0.56
300325.SZ,钱锟,517.76,0.51
300325.SZ,朱建,492.49,0.49
300325.SZ,汪剑,485.05,0.48
300325.SZ,李霞,350,0.35
300325.SZ,朱淑红,325.49,0.32
300325.SZ,李炎,310,0.31
300325.SZ,张颖,299.27,0.3
301168.SZ,江苏尚昆生物设备有限公司,3489.02,29.08
301168.SZ,李前进,1695.51,14.13
301168.SZ,严华,1550.16,12.92
301168.SZ,扬中市金融控股集团有限公司,900,7.5
301168.SZ,江苏大行临港产业投资有限公司,360.2,3
301168.SZ,镇江国有投资控股集团有限公司,345,2.88
301168.SZ,扬中市通泰投资管理合伙企业(有限合伙),300,2.5
301168.SZ,杭州城和股权投资基金合伙企业(有限合伙),216.1,1.8
301168.SZ,杭州浙科汇福创业投资合伙企业(有限合伙),72,0.6
301168.SZ,杭州浙农鑫翔创业投资合伙企业(有限合伙),72,0.6
301221.SZ,朱敦尧,3890.7,42.01
301221.SZ,上汽(常州)创新发展投资基金有限公司,663.5,7.16
301221.SZ,武汉励元齐心投资管理合伙企业(有限合伙),601.67,6.5
301221.SZ,坚木(上海)投资管理有限公司-上海坚木坚贯投资管理中心(有限合伙),452.3,4.88
301221.SZ,武汉鼎立恒丰企业管理合伙企业(有限合伙),323.33,3.49
301221.SZ,吉林省国家汽车电子产业创业投资有限责任公司,304.03,3.28
301221.SZ,广州中海达卫星导航技术股份有限公司,235.3,2.54
301221.SZ,李霖,231.5,2.5
301221.SZ,中国农业银行股份有限公司-宝盈策略增长混合型证券投资基金,64.07,0.69
301221.SZ,国金证券-招商银行-国金证券光庭信息员工参与创业板战略配售集合资产管理计划,61.24,0.66
002503.SZ,马鸿,54811.36,17.72
002503.SZ,广州高新区投资集团有限公司,24925.05,8.06
002503.SZ,邓建华,12423.77,4.02
002503.SZ,秦川,7383.46,2.39
002503.SZ,广东兴原投资有限公司,2311.91,0.75
002503.SZ,张勤俊,1693.48,0.55
002503.SZ,UBS AG,1495.08,0.48
002503.SZ,钟恒光,1419.34,0.46
002503.SZ,占学杰,893.85,0.29
002503.SZ,陈永华,831,0.27
002031.SZ,吴潮忠,25921.06,11.79
002031.SZ,洪惠平,15572.3,7.08
002031.SZ,浙江银万斯特投资管理有限公司-银万全盈23号私募证券投资基金,4273,1.94
002031.SZ,宁波宁聚资产管理中心(有限合伙)-宁聚量化稳增4号私募证券投资基金,3300,1.5
002031.SZ,深圳市前海建泓时代资产管理有限公司-建泓时代鸿运一号私募证券投资基金,1700,0.77
002031.SZ,刘文涛,1548.04,0.7
002031.SZ,深圳市前海建泓时代资产管理有限公司-建泓时代智汇2号投资基金,1392,0.63
002031.SZ,深圳市前海建泓时代资产管理有限公司-建泓时光精选1号私募证券投资基金,1298,0.59
002031.SZ,李丽璇,1113.21,0.51
002031.SZ,林瑞波,1101.51,0.5
002528.SZ,深圳市投资控股有限公司,31583.12,26.35
002528.SZ,JEFFREY ZHAOHUAI LIU,19948.82,16.64
002528.SZ,JHL INFINITE LLC,19645.31,16.39
002528.SZ,深圳英飞拓科技股份有限公司-第三期员工持股计划,3196.42,2.67
002528.SZ,刘肇胤,2007.72,1.67
002528.SZ,刘恺祥,630.48,0.53
002528.SZ,莫燕玲,441.62,0.37
002528.SZ,夏重阳,402,0.34
002528.SZ,张衍锋,255.45,0.21
002528.SZ,崔洋,228.8,0.19
000530.SZ,大连冰山集团有限公司,17091.69,20.27
000530.SZ,SANYO ELECTRIC CO LTD,7350.32,8.72
000530.SZ,林镇铭,673,0.8
000530.SZ,陈勇,452,0.54
000530.SZ,吴安,450,0.53
000530.SZ,薛红,360,0.43
000530.SZ,大连市工业发展投资有限公司,340.67,0.4
000530.SZ,李晓华,314.56,0.37
000530.SZ,詹长城,297.16,0.35
000530.SZ,陈慈柔,263.56,0.31
002218.SZ,深圳市奥欣投资发展有限公司,39759.07,28.14
002218.SZ,喀什东方股权投资有限公司,13449.74,9.52
002218.SZ,长治市南烨实业集团有限公司,3533.57,2.5
002218.SZ,陈五奎,2708.64,1.92
002218.SZ,银河资本-浙商银行-银河资本-鑫鑫一号集合资产管理计划,2650.18,1.88
002218.SZ,陈传兴,1289.75,0.91
002218.SZ,秦皇岛宏兴钢铁有限公司,1237.87,0.88
002218.SZ,一重集团融创科技发展有限公司,1060.07,0.75
002218.SZ,郭伟松,1042.4,0.74
002218.SZ,国泰君安证券股份有限公司,901.06,0.64
002652.SZ,南宁颐然养老产业合伙企业(有限合伙),15360,30
002652.SZ,李青松,3013.72,5.89
002652.SZ,昆山市创业投资有限公司,1989.57,3.89
002652.SZ,胡卫林,1500,2.93
002652.SZ,莫燕玲,1386.45,2.71
002652.SZ,哈尔滨嘉悦投资有限公司,1115,2.18
002652.SZ,谭钦,1100,2.15
002652.SZ,蔡旭艳,900,1.76
002652.SZ,张斌,295.97,0.58
002652.SZ,沈阳,174.36,0.34
002905.SZ,李玉珍,20215.05,53.72
002905.SZ,李根长,4424.95,11.76
002905.SZ,广州融海投资企业(有限合伙),3584,9.52
002905.SZ,何玉峰,124.86,0.33
002905.SZ,吴湘伟,68.01,0.18
002905.SZ,中国民生银行股份有限公司-金元顺安元启灵活配置混合型证券投资基金,58.47,0.16
002905.SZ,施笑利,58.03,0.15
002905.SZ,成永彬,52.48,0.14
002905.SZ,华泰证券股份有限公司,45.19,0.12
002905.SZ,朱晓文,43.91,0.12
000838.SZ,重庆财信房地产开发集团有限公司,67822.02,61.63
000838.SZ,广州市天宝投资发展股份有限公司-天宝稳健九号私募证券投资基金,1324.16,1.2
000838.SZ,张伟,667.47,0.61
000838.SZ,李兴中,645.48,0.59
000838.SZ,张宇,641.65,0.58
000838.SZ,曾远彬,617.78,0.56
000838.SZ,郜楠,554.43,0.5
000838.SZ,广州市天宝投资发展股份有限公司-天宝稳健五号私募证券投资基金,519,0.47
000838.SZ,陈华,510,0.46
000838.SZ,郜长林,428.55,0.39
002166.SZ,秦本军,10591.95,18.74
002166.SZ,梁定志,2727.68,4.83
002166.SZ,姚新德,2578.07,4.56
002166.SZ,蒋小三,1950,3.45
002166.SZ,蒋安明,1950,3.45
002166.SZ,蒋俊,1950,3.45
002166.SZ,易红石,915.49,1.62
002166.SZ,薛春良,567.51,1
002166.SZ,蒋新荣,544.54,0.96
002166.SZ,黄娟,516.09,0.91
002896.SZ,宁波中大力德投资有限公司,2889.9,27.79
002896.SZ,中大(香港)投资有限公司,2667.6,25.65
002896.SZ,中国工商银行股份有限公司-诺安先锋混合型证券投资基金,290.55,2.79
002896.SZ,慈溪德立投资管理合伙企业(有限合伙),234,2.25
002896.SZ,慈溪德正投资管理合伙企业(有限合伙),156,1.5
002896.SZ,李娜,147.41,1.42
002896.SZ,宁波芸芸投资管理中心(有限合伙),65.27,0.63
002896.SZ,王晖,50,0.48
002896.SZ,罗必荣,49.69,0.48
002896.SZ,诺安基金-建设银行-中国人寿-中国人寿委托诺安基金股票型组合,47.74,0.46
002454.SZ,陈福成,27547.08,43.82
002454.SZ,北京巴士传媒股份有限公司,1368.9,2.18
002454.SZ,刘伟文,1236.75,1.97
002454.SZ,苏乾坤,878.37,1.4
002454.SZ,南京公用发展股份有限公司,540.3,0.86
002454.SZ,蒋丽涛,504.47,0.8
002454.SZ,深圳市佳威尔科技有限公司,440,0.7
002454.SZ,李书彬,369,0.59
002454.SZ,张国豪,255,0.41
002454.SZ,东方证券股份有限公司-中庚价值先锋股票型证券投资基金,225.18,0.36
002158.SZ,巴拿马海尔梅斯公司,17485.78,32.7
002158.SZ,CAPITAL HARVEST TECHNOLOGY LIMITED,15311.97,28.64
002158.SZ,香港中央结算有限公司,1082.03,2.02
002158.SZ,中国光大银行股份有限公司-兴全商业模式优选混合型证券投资基金(LOF),1055.36,1.97
002158.SZ,中国工商银行股份有限公司-富国天惠精选成长混合型证券投资基金(LOF),530.58,0.99
002158.SZ,道明资产管理有限公司-道明中国收入成长基金(交易所),421.2,0.79
002158.SZ,中金公司-建设银行-中金新锐股票型集合资产管理计划,253.63,0.47
002158.SZ,傅丽真,249,0.47
002158.SZ,中信证券股份有限公司-社保基金1106组合,231.71,0.43
002158.SZ,中国工商银行股份有限公司-富国稳健增强债券型证券投资基金,160.37,0.3
002549.SZ,浩讯科技有限公司,25986.13,41.66
002549.SZ,湖南省财信资产管理有限公司,4644.5,7.45
002549.SZ,湖南省财信产业基金管理有限公司-湖南省财信常勤壹号基金合伙企业(有限合伙),4513.71,7.24
002549.SZ,湖南财信精信投资合伙企业(有限合伙),3118.5,5
002549.SZ,基本养老保险基金一零零三组合,717.77,1.15
002549.SZ,中国银行股份有限公司-华夏行业景气混合型证券投资基金,508.07,0.81
002549.SZ,中国建设银行股份有限公司-中欧悦享生活混合型证券投资基金,470.91,0.76
002549.SZ,祝恩福,346.51,0.56
002549.SZ,四川开元科技有限责任公司,330,0.53
002549.SZ,中信证券股份有限公司,318.92,0.51
002079.SZ,苏州通博电子器材有限公司,20350.2,25.19
002079.SZ,汪山,1806.94,2.24
002079.SZ,润福贸易有限公司,1474.77,1.83
002079.SZ,上海驰泰资产管理有限公司-淄博驰泰诚运证券投资合伙企业(有限合伙),1295.34,1.6
002079.SZ,秦皇岛宏兴钢铁有限公司,1245.43,1.54
002079.SZ,周欣山,1025.21,1.27
002079.SZ,苏州阿特斯阳光电力科技有限公司,953.76,1.18
002079.SZ,中国银行股份有限公司-华泰柏瑞中证光伏产业交易型开放式指数证券投资基金,656.93,0.81
002079.SZ,董敏,576.85,0.71
002079.SZ,国泰君安证券股份有限公司-国联安中证全指半导体产品与设备交易型开放式指数证券投资基金,504.19,0.62
002529.SZ,江西赛维电力集团有限公司,5720,22
002529.SZ,上银瑞金资本-上海银行-吴国继,1249.19,4.8
002529.SZ,海源实业有限公司,830.88,3.2
002529.SZ,方士雄,800,3.08
002529.SZ,李明阳,377.79,1.45
002529.SZ,邵逸群,327.66,1.26
002529.SZ,王万奎,325.5,1.25
002529.SZ,张勇,302,1.16
002529.SZ,杨家徐,253.68,0.98
002529.SZ,中信证券股份有限公司,245.6,0.94
002838.SZ,道恩集团有限公司,19560.92,47.77
002838.SZ,韩丽梅,7399.75,18.07
002838.SZ,华融盈海(深圳)基金管理有限公司-华融盈海佳期5号私募证券投资基金,279.54,0.68
002838.SZ,北京合易盈通资产管理有限公司-合易盈浩甄选私募证券投资基金,260,0.64
002838.SZ,北京合易盈通资产管理有限公司-合易盈浩价值成长私募证券投资基金,219,0.53
002838.SZ,姜强国,150,0.37
002838.SZ,香港中央结算有限公司,149.58,0.37
002838.SZ,蒿文朋,125.57,0.31
002838.SZ,田洪池,123.45,0.3
002838.SZ,高玉珍,116.88,0.29
001316.SZ,深圳市嘉仑投资发展有限公司,5022.51,62.78
001316.SZ,深圳市飞航联盟有限合伙(有限合伙),450.67,5.63
001316.SZ,深圳飞宇联盟企业(有限合伙),391.08,4.89
001316.SZ,刘俊锋,135.74,1.7
001316.SZ,国信证券股份有限公司,9.3,0.12
001316.SZ,曾志伟,0.05,0
001316.SZ,肖维登,0.05,0
001316.SZ,叶建国,0.05,0
001316.SZ,林燕平,0.05,0
001316.SZ,徐国祥,0.05,0
300660.SZ,常州雷利投资集团有限公司,9668.48,37.28
300660.SZ,佰卓发展有限公司,7259.55,27.99
300660.SZ,常州合利股权投资合伙企业(有限合伙),1039.9,4.01
300660.SZ,常州利诺股权投资合伙企业(有限合伙),884.95,3.41
300660.SZ,UBS AG,744.24,2.87
300660.SZ,平安多元策略混合型养老金产品-中国工商银行股份有限公司,100.27,0.39
300660.SZ,交通银行股份有限公司-广发沪港深价值成长混合型证券投资基金,100.08,0.39
300660.SZ,曹志为,78,0.3
300660.SZ,MORGAN STANLEY&CO.INTERNATIONAL PLC.,67.55,0.26
300660.SZ,袁喜,64.89,0.25
002731.SZ,深圳市翠艺投资有限公司,4797.36,18.73
002731.SZ,郭英杰,1645.6,6.42
002731.SZ,上海鸿潮企业管理合伙企业(有限合伙),1639.4,6.4
002731.SZ,何颖琳,1383.24,5.4
002731.SZ,马俊豪,1021.8,3.99
002731.SZ,郭琼雁,983.62,3.84
002731.SZ,郭裕春,612,2.39
002731.SZ,方嘉凯,389.05,1.52
002731.SZ,朱映君,207.16,0.81
002731.SZ,周应龙,160.87,0.63
003028.SZ,陈志杰,3024,27.24
003028.SZ,陈玮钰,2948.4,26.56
003028.SZ,唐娟,1587.6,14.3
003028.SZ,珠海国汇通管理咨询合伙企业(有限合伙),605,5.45
003028.SZ,珠海中天智科管理咨询合伙企业(有限合伙),55,0.5
003028.SZ,郭坚强,40.8,0.37
003028.SZ,嘉实基金-国新投资有限公司-嘉实基金-国新2号单一资产管理计划,40.24,0.36
003028.SZ,王贯虹,28.63,0.26
003028.SZ,刘清,23.7,0.21
003028.SZ,许辉,23.25,0.21
002058.SZ,上海紫竹高新区(集团)有限公司,3502.07,24.41
002058.SZ,西藏赛富合银投资有限公司,1434.72,10
002058.SZ,黄超,740.72,5.16
002058.SZ,宁波好莳光商业管理有限公司,704.03,4.91
002058.SZ,韶关金启利贸易有限公司,674.57,4.7
002058.SZ,刘涅贞,430.42,3
002058.SZ,华紫嫣,280,1.95
002058.SZ,叶志浩,239,1.67
002058.SZ,杨平丽,167.14,1.17
002058.SZ,伍军,132.4,0.92
001226.SZ,徐杨顺,4178.84,55.97
001226.SZ,徐建风,835.44,11.19
001226.SZ,游亦云,417.72,5.59
001226.SZ,广德广和管理投资合伙企业(有限合伙),168,2.25
001226.SZ,民生证券股份有限公司,6.07,0.08
001226.SZ,王家刚,0.05,0
001226.SZ,张海明,0.05,0
001226.SZ,罗婉芳,0.05,0
001226.SZ,李萍,0.05,0
001226.SZ,钟建容,0.05,0
002866.SZ,邹伟民,14383.5,50
002866.SZ,首誉光控资管-王潇锋-首誉光控-千将进取单一资产管理计划,566.04,1.97
002866.SZ,扬州承源投资咨询部(有限合伙),534.65,1.86
002866.SZ,门振明,339.94,1.18
002866.SZ,陈敏,314.5,1.09
002866.SZ,吴滨,200,0.7
002866.SZ,沙易,184.28,0.64
002866.SZ,许学雷,184.28,0.64
002866.SZ,诺德基金-华章天地传媒投资控股集团有限公司-诺德基金浦江64号单一资产管理计划,184.28,0.64
002866.SZ,赵清,180,0.63
003030.SZ,蔡祖明,3004.54,24.08
003030.SZ,杭州纤品投资有限公司,1765,14.14
003030.SZ,蔡水埼,1221.12,9.79
003030.SZ,王茶英,915.84,7.34
003030.SZ,上海筑景投资中心(有限合伙),882,7.07
003030.SZ,沈勇,638.05,5.11
003030.SZ,张志祥,473.34,3.79
003030.SZ,章建华,68.8,0.55
003030.SZ,余罗芳,68,0.54
003030.SZ,许海培,67.39,0.54
001296.SZ,熊鹰,2041.64,24.84
001296.SZ,熊杰,1677.65,20.41
001296.SZ,熊帆,680.55,8.28
001296.SZ,熊寅,559.22,6.8
001296.SZ,苏州天瑶钟山创业投资中心(有限合伙),363.06,4.42
001296.SZ,XIONG ZHUANG,338.09,4.11
001296.SZ,苏州天枢钟山创业投资中心(有限合伙),275.93,3.36
001296.SZ,裴军,22.05,0.27
001296.SZ,曾拥军,21.98,0.27
001296.SZ,舒惠宗,17.86,0.22
002943.SZ,杨宇红,3596.39,35.96
002943.SZ,罗群强,311.63,3.12
002943.SZ,张国秋,301.63,3.02
002943.SZ,深圳格律资产管理有限公司-格律连赢1号私募证券投资基金,239.13,2.39
002943.SZ,张靖,234.69,2.35
002943.SZ,中国工商银行股份有限公司-前海开源新经济灵活配置混合型证券投资基金,181.22,1.81
002943.SZ,中信证券股份有限公司,125.97,1.26
002943.SZ,中国国际金融股份有限公司,121.14,1.21
002943.SZ,华泰证券股份有限公司-中庚价值领航混合型证券投资基金,105.8,1.06
002943.SZ,罗永红,101.03,1.01
002655.SZ,无锡韦感半导体有限公司,3700,10.28
002655.SZ,潍坊爱声声学科技有限公司,1798,4.99
002655.SZ,全国社保基金五零三组合,1100,3.06
002655.SZ,共达电声股份有限公司-第一期员工持股计划,595.56,1.65
002655.SZ,中国建设银行股份有限公司-南方信息创新混合型证券投资基金,562.06,1.56
002655.SZ,中国银行股份有限公司-鹏华高质量增长混合型证券投资基金,460.7,1.28
002655.SZ,中国银行股份有限公司-上投摩根远见两年持有期混合型证券投资基金,412.41,1.15
002655.SZ,兴业银行股份有限公司-万家成长优选灵活配置混合型证券投资基金,402.69,1.12
002655.SZ,吴春鸣,330.44,0.92
002655.SZ,中国建设银行股份有限公司-万家科创主题3年封闭运作灵活配置混合型证券投资基金,288.95,0.8
000683.SZ,内蒙古博源控股集团有限公司,112249.2,30.56
000683.SZ,中国信达资产管理股份有限公司,16653.07,4.53
000683.SZ,香港中央结算有限公司,6379.19,1.74
000683.SZ,中国工商银行股份有限公司-中欧价值智选回报混合型证券投资基金,6002.63,1.63
000683.SZ,中国农业银行股份有限公司-大成新锐产业混合型证券投资基金,4489.47,1.22
000683.SZ,中信证券股份有限公司,4214.23,1.15
000683.SZ,招商银行股份有限公司-兴全合润混合型证券投资基金,3821.33,1.04
000683.SZ,中国工商银行-广发策略优选混合型证券投资基金,3238.78,0.88
000683.SZ,北京中稷弘立资产管理有限公司,3230.1,0.88
000683.SZ,中国建设银行股份有限公司-浙商丰利增强债券型证券投资基金,3000,0.82
003002.SZ,秦跃中,6120,30.6
003002.SZ,长治市方圆投资有限公司,5315,26.58
003002.SZ,壶关县万信投资合伙企业(有限合伙),920,4.6
003002.SZ,景永红,240.81,1.2
003002.SZ,李和平,158.24,0.79
003002.SZ,泰康人寿保险有限责任公司-投连-创新动力,142.11,0.71
003002.SZ,法国兴业银行,137.13,0.69
003002.SZ,泰康人寿保险有限责任公司-投连-平衡配置,110,0.55
003002.SZ,"高华-汇丰-GOLDMAN,SACHS&CO.LLC",108.91,0.54
003002.SZ,泰康人寿保险有限责任公司-投连-安盈回报,91.09,0.46
000892.SZ,欢瑞联合(天津)资产管理合伙企业(有限合伙),10665.14,10.87
000892.SZ,钟君艳,6056.93,6.17
000892.SZ,欢瑞世纪(天津)资产管理合伙企业(有限合伙),5793.88,5.91
000892.SZ,北京青宥仟和投资顾问有限公司,5124.16,5.22
000892.SZ,浙江欢瑞世纪科技发展有限公司,4919.41,5.01
000892.SZ,南京顺拓投资管理有限公司,3574.13,3.64
000892.SZ,弘道天华(天津)资产管理合伙企业(有限合伙),2293.58,2.34
000892.SZ,北京青宥瑞禾文化传媒中心(有限合伙),2293.58,2.34
000892.SZ,包头市龙邦贸易有限责任公司,2147.06,2.19
000892.SZ,深圳弘道天瑞投资有限责任公司,2069.39,2.11
002363.SZ,隆基集团有限公司,17577.14,42.24
002363.SZ,吴吉林,668.66,1.61
002363.SZ,张业波,413.99,0.99
002363.SZ,唐岩,409.66,0.98
002363.SZ,李玉华,407.7,0.98
002363.SZ,日照市海达尔能源装备科技股份有限公司,368.98,0.89
002363.SZ,徐开东,342.56,0.82
002363.SZ,曲来生,329.6,0.79
002363.SZ,陈少龙,212.28,0.51
002363.SZ,李玉祥,193.65,0.47
002050.SZ,三花控股集团有限公司,105724.57,29.44
002050.SZ,香港中央结算有限公司,89672.55,24.97
002050.SZ,浙江三花绿能实业集团有限公司,74274.8,20.68
002050.SZ,张亚波,5203.12,1.45
002050.SZ,阿布达比投资局,2999.46,0.84
002050.SZ,中国工商银行股份有限公司-汇添富中证新能源汽车产业指数型发起式证券投资基金(LOF),1385.58,0.39
002050.SZ,东方贸易株式会社,1344.62,0.37
002050.SZ,中国建设银行股份有限公司-交银施罗德阿尔法核心混合型证券投资基金,1223.32,0.34
002050.SZ,朱雀基金-陕西煤业股份有限公司-陕煤朱雀新能源产业单一资产管理计划,1212.04,0.34
002050.SZ,新和成控股集团有限公司,1189.53,0.33
000821.SZ,京山京源科技投资有限公司,7093.22,11.39
000821.SZ,京山京源-华创证券-19京源E1担保及信托财产专户,5900,9.47
000821.SZ,祖国良,4091.43,6.57
000821.SZ,王伟,1936.66,3.11
000821.SZ,京山轻机控股有限公司,998.29,1.6
000821.SZ,中科沃土基金-云南信托-辰光1号单一资金信托-中科沃土沃众2号单一资产管理计划,940.44,1.51
000821.SZ,湖北京山轻工机械股份有限公司-第三期员工持股计划,883.88,1.42
000821.SZ,京山市京诚投资开发有限公司,843.59,1.35
000821.SZ,上海宁泉资产管理有限公司-宁泉致远56号私募证券投资基金,713.65,1.15
000821.SZ,刘燕,646.89,1.04
002631.SZ,德尔集团有限公司,35676.6,54.17
002631.SZ,王沫,6160.62,9.35
002631.SZ,王丽荣,426.25,0.65
002631.SZ,火方兰,195.92,0.3
002631.SZ,朱巧林,170,0.26
002631.SZ,张立新,147.6,0.22
002631.SZ,汝继勇,141.98,0.22
002631.SZ,刘树雄,102.27,0.16
002631.SZ,高嘉骏,96.99,0.15
002631.SZ,中国民生银行股份有限公司-金元顺安元启灵活配置混合型证券投资基金,96.46,0.15
003039.SZ,广东顺德控股集团有限公司,48820.32,79.06
003039.SZ,广东省科技创业投资有限公司,2737.75,4.43
003039.SZ,广东粤科路赢创业投资合伙企业(有限合伙),1784.83,2.89
003039.SZ,横琴粤科鑫泰专项壹号股权投资基金(有限合伙),1188.01,1.92
003039.SZ,佛山市顺德区顺合公路建设有限公司,679.68,1.1
003039.SZ,吴汉忠,178.76,0.29
003039.SZ,何云敏,167.88,0.27
003039.SZ,王成,68.01,0.11
003039.SZ,香港中央结算有限公司,66.11,0.11
003039.SZ,彭文祥,44.92,0.07
002738.SZ,中色矿业集团有限公司,5200,15.97
002738.SZ,孙梅春,2014.77,6.19
002738.SZ,香港中央结算有限公司,833.6,2.56
002738.SZ,王平卫,486.7,1.49
002738.SZ,钟海华,392.11,1.2
002738.SZ,深圳市东方富海创业投资管理有限公司-富海股投邦(芜湖)四号股权投资合伙企业(有限合伙),377.68,1.16
002738.SZ,西藏腾毅投资有限公司,369.82,1.14
002738.SZ,华夏人寿保险股份有限公司-自有资金,318.39,0.98
002738.SZ,中国银行股份有限公司-国投瑞银新能源混合型证券投资基金,277.91,0.85
002738.SZ,中国建设银行股份有限公司-信达澳银新能源精选混合型证券投资基金,237.16,0.73
002902.SZ,杨先进,8067.81,38.42
002902.SZ,焦彩红,558.94,2.66
002902.SZ,深圳市达晨创恒股权投资企业(有限合伙),119.02,0.57
002902.SZ,深圳市达晨创瑞股权投资企业(有限合伙),109.5,0.52
002902.SZ,深圳市达晨创泰股权投资企业(有限合伙),84.19,0.4
002902.SZ,王中华,78.14,0.37
002902.SZ,孙莲芬,58,0.28
002902.SZ,张媛,41,0.2
002902.SZ,华泰证券股份有限公司,38.87,0.19
002902.SZ,中信银行股份有限公司-建信中证500指数增强型证券投资基金,38.3,0.18
002805.SZ,赵光辉,5961.71,33.51
002805.SZ,安徽金通新能源汽车二期基金合伙企业(有限合伙),1085.38,6.1
002805.SZ,上海浦东发展银行股份有限公司-中欧创新未来18个月封闭运作混合型证券投资基金,370.81,2.08
002805.SZ,中国建设银行股份有限公司-华夏能源革新股票型证券投资基金,358.15,2.01
002805.SZ,山东新业股权投资管理有限公司-枣庄财金新旧动能转换基金管理合伙企业(有限合伙),208.81,1.17
002805.SZ,招商银行股份有限公司-中欧科创主题3年封闭运作灵活配置混合型证券投资基金,165.04,0.93
002805.SZ,上海阿杏投资管理有限公司-阿杏延安24号私募证券投资基金,117.44,0.66
002805.SZ,钭耀琦,112.24,0.63
002805.SZ,中国光大银行股份有限公司-华夏磐益一年定期开放混合型证券投资基金,103.83,0.58
002805.SZ,上海银行股份有限公司-中欧产业前瞻混合型证券投资基金,80,0.45
002623.SZ,常州亚玛顿科技集团有限公司,6738.02,33.85
002623.SZ,深创投红土股权投资管理(深圳)有限公司-深创投制造业转型升级新材料基金(有限合伙),1953.13,9.81
002623.SZ,林金坤,1044.9,5.25
002623.SZ,常州天鼎实业投资合伙企业(有限合伙),393.75,1.98
002623.SZ,广发银行股份有限公司-国泰聚信价值优势灵活配置混合型证券投资基金,347.71,1.75
002623.SZ,全国社保基金一一八组合,203.31,1.02
002623.SZ,中国光大银行股份有限公司-华夏磐益一年定期开放混合型证券投资基金,168.58,0.85
002623.SZ,招商银行股份有限公司-富国清洁能源产业灵活配置混合型证券投资基金,159.99,0.8
002623.SZ,钟书原,151.59,0.76
002623.SZ,钟宝申,143.87,0.72
002248.SZ,威海威高国际医疗投资控股有限公司,5382.58,17.5
002248.SZ,唐鑛,540.99,1.76
002248.SZ,汤世贤,455.63,1.48
002248.SZ,王志明,151.33,0.49
002248.SZ,涂植纯,133.33,0.43
002248.SZ,方芳,125.7,0.41
002248.SZ,林国法,115.94,0.38
002248.SZ,陈颢之,99.47,0.32
002248.SZ,欧阳春,92.61,0.3
002248.SZ,北京愚公移山投资顾问有限公司-愚公移山私募基金1号,86.03,0.28
002101.SZ,广东省科技创业投资有限公司,9577.37,18.11
002101.SZ,高要鸿图工业有限公司,6249.24,11.82
002101.SZ,广东省科技风险投资有限公司,5331.56,10.08
002101.SZ,肇庆市高要区国有资产经营有限公司,4906.33,9.28
002101.SZ,宁波旭澄企业管理咨询合伙企业(有限合伙),1055,1.99
002101.SZ,中国建设银行股份有限公司-信达澳银新能源产业股票型证券投资基金,929.08,1.76
002101.SZ,钶迪(宁波)投资管理有限公司,815.84,1.54
002101.SZ,广东粤科资本投资有限公司,661.26,1.25
002101.SZ,虞伟庆,609.44,1.15
002101.SZ,黎前虎,458.07,0.87
002996.SZ,王增潮,11058.3,25.19
002996.SZ,王真见,10576.8,24.09
002996.SZ,王启,2766.9,6.3
002996.SZ,杜福昌,2766.9,6.3
002996.SZ,陈飞,1462.37,3.33
002996.SZ,夏跃云,952.26,2.17
002996.SZ,广东温氏投资有限公司-新兴温氏成长壹号股权投资合伙企业(有限合伙),940,2.14
002996.SZ,包中生,900,2.05
002996.SZ,朱昌补,682.2,1.55
002996.SZ,朱胜德,669.35,1.52
002747.SZ,南京派雷斯特科技有限公司,25489.47,29.34
002747.SZ,香港中央结算有限公司,20516.56,23.62
002747.SZ,吴波,10996,12.66
002747.SZ,中国建设银行股份有限公司-广发成长精选混合型证券投资基金,1550.01,1.78
002747.SZ,中国工商银行-广发聚丰混合型证券投资基金,1200,1.38
002747.SZ,中国工商银行股份有限公司-富国天惠精选成长混合型证券投资基金(LOF),800,0.92
002747.SZ,南京埃斯顿投资有限公司,743.7,0.86
002747.SZ,富达基金(香港)有限公司-客户资金,602.83,0.69
002747.SZ,张忠孝,455.57,0.52
002747.SZ,司景戈,434.57,0.5
002917.SZ,明刚,8467.83,24.36
002917.SZ,四川雅化实业集团股份有限公司,4100,11.79
002917.SZ,明景谷,3485.22,10.03
002917.SZ,深圳市奥博合利投资合伙企业(有限合伙),1296,3.73
002917.SZ,上海宽投资产管理有限公司-宽投幸运星9号私募证券投资基金,1084,3.12
002917.SZ,深圳君宜私募证券基金管理有限公司-君宜祈初私募证券投资基金,714.91,2.06
002917.SZ,深圳市奥博合鑫投资合伙企业(有限合伙),691.2,1.99
002917.SZ,工银安盛人寿保险有限公司-短期分红,685.6,1.97
002917.SZ,深圳君宜私募证券基金管理有限公司-君宜祈良私募证券投资基金,601.97,1.73
002917.SZ,深圳君宜私募证券基金管理有限公司-君宜祈灵私募证券投资基金,537.28,1.55
002291.SZ,云南兆隆企业管理有限公司,8813.75,9.69
002291.SZ,谢如栋,8673.6,9.53
002291.SZ,LYONE GROUP PTE. LTD.,7269.14,7.99
002291.SZ,方剑,3607.42,3.97
002291.SZ,银河德睿资本管理有限公司,3351.96,3.68
002291.SZ,中信证券股份有限公司,2752.03,3.03
002291.SZ,深圳前海泽源私募证券基金管理有限公司-泽源利旺田1号私募证券投资基金,1826.82,2.01
002291.SZ,中国建设银行股份有限公司-国泰大健康股票型证券投资基金,1733.28,1.91
002291.SZ,上海浦东发展银行股份有限公司-华夏创新未来18个月封闭运作混合型证券投资基金,1703.42,1.87
002291.SZ,中国工商银行股份有限公司-广发多因子灵活配置混合型证券投资基金,1333.88,1.47
002907.SZ,成都地方建筑机械化工程有限公司,18810,46.82
002907.SZ,游洪涛,7830,19.49
002907.SZ,王瑛,3960,9.86
002907.SZ,刘小英,3589.47,8.94
002907.SZ,王忠友,178.16,0.44
002907.SZ,高华-汇丰-GOLDMASACHS & CO.LLC,47,0.12
002907.SZ,赖满红,40.36,0.1
002907.SZ,"JPMORG CHASE BANK,NASSOCI",40.25,0.1
002907.SZ,朱志明,39.32,0.1
002907.SZ,张吉虎,38.4,0.1
002033.SZ,丽江玉龙雪山旅游开发有限责任公司,8643.84,15.73
002033.SZ,华邦生命健康股份有限公司,7837.05,14.26
002033.SZ,云南省投资控股集团有限公司,5056.35,9.2
002033.SZ,丽江市玉龙雪山景区投资管理有限公司,3190.27,5.81
002033.SZ,陈世辉,2824.54,5.14
002033.SZ,丽江摩西风情园有限责任公司,631.14,1.15
002033.SZ,中国工商银行股份有限公司-中欧精选灵活配置定期开放混合型发起式证券投资基金,370.48,0.67
002033.SZ,中国银行股份有限公司-富国中证旅游主题交易型开放式指数证券投资基金,297.02,0.54
002033.SZ,中国国际金融香港资产管理有限公司-客户资金2,231.42,0.42
002033.SZ,华泰证券股份有限公司,162.42,0.3
002843.SZ,长沙正元企业管理有限公司,5889.74,28.05
002843.SZ,中联重科股份有限公司,4800,22.86
002843.SZ,邦中投资有限公司,1760.27,8.38
002843.SZ,湖南泰嘉新材料科技股份有限公司-2021年员工持股计划,1048,4.99
002843.SZ,湖南长创投资合伙企业(有限合伙),750,3.57
002843.SZ,朴永松,164.92,0.79
002843.SZ,申万宏源证券有限公司,96.28,0.46
002843.SZ,徐峰,70.99,0.34
002843.SZ,李洁,56.31,0.27
002843.SZ,李小妹,51.19,0.24
002571.SZ,施卫东,12415.94,31.68
002571.SZ,杭州锦江集团有限公司,4138.65,10.56
002571.SZ,新余德尚投资管理有限公司,1960,5
002571.SZ,深圳市前海钻盾资产管理有限公司-钻盾-长江二号混合策略私募证券投资基金,744.64,1.9
002571.SZ,倪晴芬,509.34,1.3
002571.SZ,丁亦飞,405.46,1.03
002571.SZ,冯兆煌,400,1.02
002571.SZ,韩玉英,398.24,1.02
002571.SZ,"JPMORGAN CHASE BANK,NATIONAL ASSOCIATION",257.39,0.66
002571.SZ,李欣,188.6,0.48
002786.SZ,邦信资产管理有限公司,13626.6,27.49
002786.SZ,深圳市宝山鑫投资发展有限公司,9573.56,19.32
002786.SZ,北京华清博广创业投资有限公司,6831.86,13.78
002786.SZ,深圳德威资本投资管理有限公司-德威资本云峰2号私募证券投资基金,680.21,1.37
002786.SZ,王娱婷,388.14,0.78
002786.SZ,黄纳新,301.6,0.61
002786.SZ,葛志德,220.28,0.44
002786.SZ,深圳德威资本投资管理有限公司-德威-恒鑫私募证券投资基金,217.1,0.44
002786.SZ,肖燕丽,196.5,0.4
002786.SZ,崔一鸣,191.38,0.39
002514.SZ,广讯有限公司,8400,15.16
002514.SZ,陈东,8058.84,14.55
002514.SZ,江苏捷登智能制造科技有限公司,2770.17,5
002514.SZ,广州康祺资产管理中心(有限合伙)-康祺耐心1号私募证券投资基金,2339.68,4.22
002514.SZ,上海子午投资管理有限公司-子午增强二号私募证券投资基金,1560,2.82
002514.SZ,汪敏,942.25,1.7
002514.SZ,沈怡,365.52,0.66
002514.SZ,魏品乐,336.21,0.61
002514.SZ,王墨兰,273.69,0.49
002514.SZ,上海方圆达创投资合伙企业(有限合伙)-方圆-智享1号私募投资基金,222.59,0.4
000058.SZ,深圳市赛格集团有限公司,70061.88,56.7
000058.SZ,刘国成,729.64,0.59
000058.SZ,LI SHERYN ZHAN MING,569.36,0.46
000058.SZ,刘国洪,360.57,0.29
000058.SZ,龚茜华,294,0.24
000058.SZ,徐月英,198.39,0.16
000058.SZ,王莉,157.54,0.13
000058.SZ,罗海金,150.23,0.12
000058.SZ,王进军,143.35,0.12
000058.SZ,钱继东,134.03,0.11
002888.SZ,HONGBO YAO,9392.35,62.78
002888.SZ,HUIFANG CHEN,530.28,3.54
002888.SZ,广州惠威电声科技股份有限公司回购专用证券账户,186.67,1.25
002888.SZ,招商信诺人寿保险有限公司-分红保险产品,140.91,0.94
002888.SZ,广州耀琪商务咨询有限公司,140.26,0.94
002888.SZ,文历丹,135.68,0.91
002888.SZ,广州卓茂企业管理咨询有限公司,59.33,0.4
002888.SZ,广州安洪盈企业管理咨询有限公司,56.56,0.38
002888.SZ,中国工商银行股份有限公司-大成中证360互联网+大数据100指数型证券投资基金,45.8,0.31
002888.SZ,陈峰,44.41,0.3
002888.SZ,蔡志刚,43.13,0.29
002953.SZ,冯就景,14722.81,60.49
002953.SZ,李强,720.69,2.96
002953.SZ,冯宇华,452.76,1.86
002953.SZ,罗永文,434.54,1.79
002953.SZ,王雪茜,399.03,1.64
002953.SZ,孟兆滨,273.38,1.12
002953.SZ,李泳娟,100.28,0.41
002953.SZ,阳光资产-工商银行-主动量化1号资产管理产品,85.2,0.35
002953.SZ,郭士尧,83.57,0.34
002953.SZ,中国农业银行股份有限公司-天弘先进制造混合型证券投资基金,74.02,0.3
001208.SZ,湖南湘钢资产经营有限公司,22336.32,41.8
001208.SZ,湖南省国企并购重组基金管理有限公司-长沙新湘先进设备制造投资基金合伙企业(有限合伙),4218,7.89
001208.SZ,湖南钢铁集团有限公司,3561.6,6.66
001208.SZ,湖南兴湘投资控股集团有限公司,3040.08,5.69
001208.SZ,湖南宇纳私募股权基金管理有限公司-杭州富阳宇纳衡富投资合伙企业(有限合伙),2415,4.52
001208.SZ,湘潭凤翼众赢企业管理咨询合伙企业(有限合伙),2200,4.12
001208.SZ,湘潭市经济建设投资有限公司,1081.2,2.02
001208.SZ,深圳华菱锐士一号投资合伙企业(有限合伙),848,1.59
001208.SZ,湖南迪策投资有限公司,381.6,0.71
001208.SZ,顾兴男,45.5,0.09
002753.SZ,刘东良,9703.13,25.84
002753.SZ,刘东杰,6328.13,16.86
002753.SZ,深圳市东方富海投资管理股份有限公司,2688.14,7.16
002753.SZ,靳彩红,1687.5,4.49
002753.SZ,刘山云,871.97,2.32
002753.SZ,刘东秀,675,1.8
002753.SZ,刘东果,506.25,1.35
002753.SZ,刘东玉,506.25,1.35
002753.SZ,刘东梅,506.25,1.35
002753.SZ,高永福,411.72,1.1
002191.SZ,深圳市劲嘉创业投资有限公司,46308.97,31.48
002191.SZ,潘文雄,6609.99,4.49
002191.SZ,济南泰汇顺企业管理合伙企业(有限合伙),5859.74,3.98
002191.SZ,新疆世纪运通股权投资合伙企业(有限合伙),3945,2.68
002191.SZ,香港中央结算有限公司,3567.94,2.43
002191.SZ,"JPMORGAN CHASE BANK,NATIONAL ASSOCIATION",2206.7,1.5
002191.SZ,十堰启韵致恒企业管理合伙企业(有限合伙),2050.82,1.39
002191.SZ,中信证券股份有限公司,1678.52,1.14
002191.SZ,黄华,1563.41,1.06
002191.SZ,中国工商银行股份有限公司-广发多因子灵活配置混合型证券投资基金,1427.82,0.97
002451.SZ,问泽鸿,16789.6,38.23
002451.SZ,上海融屏信息科技有限公司,3417.37,7.78
002451.SZ,上海艾方资产管理有限公司-艾方金科1号私募证券投资基金,2196,5
002451.SZ,上海丰煜投资有限公司-丰煜稳盈7号私募投资基金,866.2,1.97
002451.SZ,上海恒基浦业资产管理有限公司-恒基浦业节节高5号私募证券投资基金,502.28,1.14
002451.SZ,问泽鑫,344,0.78
002451.SZ,刘海云,298.9,0.68
002451.SZ,彭睿静,188.66,0.43
002451.SZ,张慧兵,185.12,0.42
002451.SZ,李先华,184.44,0.42
002451.SZ,问泽鸿,16789.6,38.23
002451.SZ,上海融屏信息科技有限公司,3417.37,7.78
002451.SZ,上海艾方资产管理有限公司-艾方金科1号私募证券投资基金,2196,5
002451.SZ,上海丰煜投资有限公司-丰煜稳盈7号私募投资基金,866.2,1.97
002451.SZ,上海恒基浦业资产管理有限公司-恒基浦业节节高5号私募证券投资基金,502.28,1.14
002451.SZ,问泽鑫,344,0.78
002451.SZ,刘海云,298.9,0.68
002451.SZ,彭睿静,188.66,0.43
002451.SZ,张慧兵,185.12,0.42
002451.SZ,李先华,184.44,0.42
002331.SZ,西藏景源企业管理有限公司,8192.77,19.97
002331.SZ,南方银谷科技有限公司,3421.3,8.34
002331.SZ,福建广聚信息技术服务有限公司,2039.88,4.97
002331.SZ,易增辉,1434.4,3.5
002331.SZ,福建省未然资产管理有限公司-未然20号私募证券投资基金,1274.19,3.11
002331.SZ,刘含,1134.84,2.77
002331.SZ,梁山,756.11,1.84
002331.SZ,王亚东,652.47,1.59
002331.SZ,林木顺,637.51,1.55
002331.SZ,王晟,500,1.22
000868.SZ,安徽江淮汽车集团股份有限公司,18476.36,25.2
000868.SZ,安徽省投资集团控股有限公司,9124.49,12.44
000868.SZ,苏凤英,600,0.82
000868.SZ,中国国际金融香港资产管理有限公司-客户资金2,508.15,0.69
000868.SZ,陈锦棠,505.56,0.69
000868.SZ,刘岩,413,0.56
000868.SZ,程贤云,304.82,0.42
000868.SZ,何刚,300,0.41
000868.SZ,"JPMORGAN CHASE BANK,NATIONAL ASSOCIATION",293.4,0.4
000868.SZ,袁泽宇,280,0.38
002355.SZ,四川盛邦创恒企业管理有限责任公司,11584.8,18.67
002355.SZ,青岛创疆环保新能源科技有限公司,4000,6.45
002355.SZ,万家基金-兴业银行-万家基金瀛海资产管理计划,1521.33,2.45
002355.SZ,崔积旺,1257.99,2.03
002355.SZ,邹志强,1255.63,2.02
002355.SZ,姜开学,1209.56,1.95
002355.SZ,杭州高鸿私募基金管理有限公司-高鸿睿远一号私募证券投资基金,862.07,1.39
002355.SZ,顾斌,704.6,1.14
002355.SZ,章翔,638.92,1.03
002355.SZ,兴民智通(集团)股份有限公司-第一期员工持股计划,611.18,0.98
002565.SZ,顺灏投资集团有限公司,23606.38,22.27
002565.SZ,王丹,8998.25,8.49
002565.SZ,东台昂山恒泰投资合伙企业(有限合伙),1966.53,1.86
002565.SZ,张少怀,1645.87,1.55
002565.SZ,北京国星物业管理有限责任公司,959,0.9
002565.SZ,官军,745.55,0.7
002565.SZ,上海烜鼎资产管理有限公司-烜鼎新纪元2号私募证券投资基金,702.29,0.66
002565.SZ,上海顺灏新材料科技股份有限公司-第一期员工持股计划,683.2,0.64
002565.SZ,上海烜鼎资产管理有限公司-烜鼎新纪元1号私募证券投资基金,650,0.61
002565.SZ,何东升,619.33,0.58
002689.SZ,沈阳远大铝业集团有限公司,37704.23,36.14
002689.SZ,远大铝业工程(新加坡)有限公司,17330.64,16.61
002689.SZ,许磊,2618,2.51
002689.SZ,沈阳卓辉投资有限公司,1482.5,1.42
002689.SZ,沈阳福康投资有限公司,1110.81,1.06
002689.SZ,许喆,858,0.82
002689.SZ,顾永兴,780,0.75
002689.SZ,"JPMORGAN CHASE BANK,NATIONAL ASSOCIATION",692.94,0.66
002689.SZ,王明杰,444.34,0.43
002689.SZ,黄树勋,423,0.41
301266.SZ,苏州聚信源企业管理有限公司,5650,54.33
301266.SZ,肖锋,412.5,3.97
301266.SZ,林敏,337.5,3.25
301266.SZ,苏州宇智伴企业管理合伙企业(有限合伙),250,2.4
301266.SZ,浙江浙创好雨新兴产业股权投资合伙企业(有限合伙),230,2.21
301266.SZ,季军,180,1.73
301266.SZ,无锡中元新能源发展中心(有限合伙),170,1.63
301266.SZ,天合智慧能源投资发展(江苏)有限公司,150,1.44
301266.SZ,刘军,120,1.15
301266.SZ,顾婉,120,1.15
000524.SZ,广州岭南国际企业集团有限公司,30238.23,45.12
000524.SZ,广州市东方酒店集团有限公司,10030.17,14.97
000524.SZ,广州产业投资控股集团有限公司,8667.9,12.93
000524.SZ,广东德汇投资管理有限公司-德汇尊享私募证券投资基金,903.58,1.35
000524.SZ,广州流花宾馆集团股份有限公司,610.62,0.91
000524.SZ,广州岭南集团控股股份有限公司-第一期员工持股计划,578.8,0.86
000524.SZ,广东德汇投资管理有限公司-德汇优选私募证券投资基金,557.69,0.83
000524.SZ,广东德汇投资管理有限公司-德汇尊享九号私募证券投资基金,346.58,0.52
000524.SZ,广东德汇投资管理有限公司-德汇全球优选私募证券投资基金,239,0.36
000524.SZ,沈文洪,229.81,0.34
300552.SZ,翟军,9915.48,46.52
300552.SZ,崔学军,1067.71,5.01
300552.SZ,中国邮政储蓄银行股份有限公司-东方新能源汽车主题混合型证券投资基金,560.77,2.63
300552.SZ,田林岩,373.31,1.75
300552.SZ,国信证券股份有限公司,222.68,1.04
300552.SZ,济南瑞和投资合伙企业(有限合伙),194.21,0.91
300552.SZ,刘会喜,181.72,0.85
300552.SZ,财通基金-上海银行-财通基金玉泉870号单一资产管理计划,152.32,0.71
300552.SZ,吕强,123.76,0.58
300552.SZ,霍建勋,106.16,0.5
300552.SZ,赵爱立,106.16,0.5
003021.SZ,深圳前海兆威金融控股有限公司,6080,35.47
003021.SZ,李海周,3118.4,18.19
003021.SZ,共青城清墨投资管理合伙企业(有限合伙),1760,10.27
003021.SZ,共青城聚兆德投资管理合伙企业(有限合伙),1760,10.27
003021.SZ,中国人寿保险股份有限公司-传统-普通保险产品-005L-CT001深,197.17,1.15
003021.SZ,兴业银行股份有限公司-富国兴远优选12个月持有期混合型证券投资基金,134.13,0.78
003021.SZ,中国建设银行股份有限公司-博时主题行业混合型证券投资基金(LOF),122.38,0.71
003021.SZ,香港中央结算有限公司,119.3,0.7
003021.SZ,全国社保基金一一四组合,99.69,0.58
003021.SZ,中国人寿保险(集团)公司-传统-普通保险产品,91.23,0.53
000625.SZ,中国长安汽车集团有限公司,137160.78,17.97
000625.SZ,中国兵器装备集团有限公司,112538.24,14.75
000625.SZ,南方工业资产管理有限责任公司,38941.79,5.1
000625.SZ,中国证券金融股份有限公司,32797.15,4.3
000625.SZ,中汇富通投资有限公司,21576.83,2.83
000625.SZ,香港中央结算有限公司,16418.01,2.15
000625.SZ,中国建设银行股份有限公司-华夏能源革新股票型证券投资基金,6330.17,0.83
000625.SZ,招商证券香港有限公司,4443.64,0.58
000625.SZ,CAPE ANN GLOBAL DEVELOPING MARKETS FUND,3255.43,0.43
000625.SZ,GUOTAI JUNAN SECURITIES(HONGKONG)LIMITED,3187.81,0.42
002460.SZ,HKSCC NOMINEES LIMITED,28825.18,20.05
002460.SZ,李良彬,27026.99,18.8
002460.SZ,王晓申,10089.89,7.02
002460.SZ,香港中央结算有限公司,9445.37,6.57
002460.SZ,黄闻,1167.84,0.81
002460.SZ,沈海博,1087.64,0.76
002460.SZ,中国建设银行股份有限公司-华夏能源革新股票型证券投资基金,876.51,0.61
002460.SZ,全国社保基金四一四组合,739.99,0.51
002460.SZ,深圳市金汇荣盛财富管理有限公司-金汇荣盛融诚兴盛一号私募证券投资基金,715.44,0.5
002460.SZ,中国工商银行股份有限公司-农银汇理新能源主题灵活配置混合型证券投资基金,673.89,0.47
300910.SZ,郭春萱,5583.31,37.22
300910.SZ,中国石化集团资本有限公司,2250,15
300910.SZ,苏州松禾成长二号创业投资中心(有限合伙),1177.1,7.85
300910.SZ,MERRILL LYNCH INTERNATIONAL,581.39,3.88
300910.SZ,中国工商银行股份有限公司-富国天惠精选成长混合型证券投资基金(LOF),430.84,2.87
300910.SZ,前海股权投资基金(有限合伙),355.16,2.37
300910.SZ,"高华-汇丰-GOLDMAN,SACHS&CO.LLC",343.05,2.29
300910.SZ,深圳市松禾国创新能股权投资基金合伙企业(有限合伙),225,1.5
300910.SZ,前海方舟资产管理有限公司,212.28,1.42
300910.SZ,高盛国际-自有资金,200,1.33
300611.SZ,章碧鸿,7623.04,42.6
300611.SZ,长江成长资本投资有限公司,926.28,5.18
300611.SZ,章竹军,878.22,4.91
300611.SZ,王光明,446.18,2.49
300611.SZ,浙江美力科技股份有限公司-第一期员工持股计划,400,2.24
300611.SZ,中国建设银行股份有限公司-信达澳银新能源产业股票型证券投资基金,391.48,2.19
300611.SZ,俞爱香,190,1.06
300611.SZ,浙江美力科技股份有限公司-第二期员工持股计划,149.98,0.84
300611.SZ,京新控股集团有限公司,149.39,0.83
300611.SZ,朱彩娟,110,0.61
300545.SZ,聂泉,8758.59,49.28
300545.SZ,广东恒阔投资管理有限公司,836.84,4.71
300545.SZ,深圳市远致富海投资管理有限公司-深圳远致富海并购股权投资基金合伙企业(有限合伙),515.79,2.9
300545.SZ,李艳阳,250.07,1.41
300545.SZ,王栋,198.15,1.11
300545.SZ,广东恒健资产管理有限公司-广东恒航产业投资基金合伙企业(有限合伙),187.37,1.05
300545.SZ,饶忠华,135.16,0.76
300545.SZ,刘文生,117.18,0.66
300545.SZ,钟辉,67.5,0.38
300545.SZ,李梅秀,54.22,0.31
002610.SZ,江苏爱康实业集团有限公司,36487.07,8.15
002610.SZ,邹承慧,12184.62,2.72
002610.SZ,中国银行股份有限公司-华泰柏瑞中证光伏产业交易型开放式指数证券投资基金,4466.94,1
002610.SZ,中信建投证券股份有限公司-天弘中证光伏产业指数型发起式证券投资基金,3188.17,0.71
002610.SZ,江阴爱康投资有限公司,2664,0.59
002610.SZ,银河德睿资本管理有限公司,2199,0.49
002610.SZ,香港中央结算有限公司,1946.84,0.43
002610.SZ,陈楗,1939.18,0.43
002610.SZ,邱利华,1670.5,0.37
002610.SZ,铸锋资产管理(北京)有限公司-铸锋赤霄2号私募证券投资基金,1469,0.33
300543.SZ,陈静,5986.89,22.32
300543.SZ,郑勇,1280.7,4.78
300543.SZ,刘沛然,1197.38,4.46
300543.SZ,刘晓昕,963.56,3.59
300543.SZ,潘声旺,848.99,3.17
300543.SZ,刘孝朋,664.03,2.48
300543.SZ,深圳市朗科智能电气股份有限公司-第一期员工持股计划,320.91,1.2
300543.SZ,肖凌,305.4,1.14
300543.SZ,何淦,297.76,1.11
300543.SZ,舒金明,173,0.65
002760.SZ,泰豪集团有限公司,2514.29,23.28
002760.SZ,江西泰豪技术发展有限公司,1998.87,18.51
002760.SZ,陈晓,750.46,6.95
002760.SZ,安徽齐丰浩瑞投资管理合伙企业(有限合伙),214,1.98
002760.SZ,黄嘉雯,96.49,0.89
002760.SZ,深圳市大华信安资产管理企业(有限合伙)-信安成长一号私募证券投资基金,90,0.83
002760.SZ,王红,72.48,0.67
002760.SZ,唐华忠,62.01,0.57
002760.SZ,郭艺,60,0.56
002760.SZ,徐炳,52.33,0.48
300712.SZ,福州博宏投资管理有限公司,4618.55,25.36
300712.SZ,福州永福恒诚投资管理股份有限公司,3537.85,19.43
300712.SZ,宁德时代新能源科技股份有限公司,1456.79,8
300712.SZ,福建省永福博发投资股份有限公司,383.08,2.1
300712.SZ,全国社保基金一一八组合,327.64,1.8
300712.SZ,刘长羽,140.5,0.77
300712.SZ,交通银行股份有限公司-广发中证基建工程交易型开放式指数证券投资基金,140.35,0.77
300712.SZ,青岛汉缆股份有限公司,116.66,0.64
300712.SZ,中信里昂资产管理有限公司-客户资金,112.22,0.62
300712.SZ,银华基金-农业银行-银华基金蓝筹精选1号集合资产管理计划,100,0.55
300973.SZ,彭裕辉,2588.9,15.29
300973.SZ,赵松涛,1725.93,10.19
300973.SZ,赵键,1717.41,10.14
300973.SZ,白宝鲲,1641.1,9.69
300973.SZ,陈和军,1085.85,6.41
300973.SZ,宁宗峰,800.1,4.72
300973.SZ,张新光,742.95,4.39
300973.SZ,广州立兴企业管理咨询合伙企业(有限合伙),581.71,3.44
300973.SZ,彭永成,575.31,3.4
300973.SZ,广州立创企业管理咨询合伙企业(有限合伙),445.98,2.63
